# PROJECT_NAME;LabTest_1;;;;;;;;;;;;
# VERSION_OF_REFERENCEFILE;1;;;;;;;;;;;;
# TIMESTAMP_OF_LAST_CHANGE;11.03.2015;;;;;;;;;;;;
# VERSION_OF_LAYOUT;2.2;;;;;;;;;;;;
# mandatory;mandatory;mandatory;mandatory;mandatory;optional;optional;optional;optional;optional;optional;optional;optional;optional
# keyname;device-obj-instance;object-name;object-type;object-instance;description;present-value-default;min-present-value;max-present-value;commandValue;hi-limit;low-limit;unit-code;object-tag-text
AsView;202;AsView;29;0;Automation station view;;;;;;;;
Infra;202;Infra;29;1;Infrastructure;;;;;;;;
BASTUP;202;BASTUP;10;1;~;;;;;;;;
BAINFR;202;BAINFR;10;12;~;;;;;;;;
BAINFR-en;202;BAINFR-en;10;200;~;;;;;;;;
CenFnct207;202;CenFnct207;8;202;Automation station;;;;;;;;
Infra'AsEvtEnr;202;Infra'AsEvtEnr;52;0;Automation station event enrollment;0,4194303;;;;;;;
Infra'AsSta;202;Infra'AsSta;19;0;Automation station state;Normal;;;;;;;
Infra'AsStaMon;202;Infra'AsStaMon;9;0;Automation station monitoring state;;;;;;;;
Infra'AsEvtLog;202;Infra'AsEvtLog;25;0;Automation station event logging;;;;;;;;
Infra'PgmS7;202;Infra'PgmS7;16;0;S7 program;;;;;;;;
Infra'Nwk Port IP;202;Infra'Nwk Port IP;264;0;~;;;;;;;;
Infra'DiagAs;202;Infra'DiagAs;2;0;Diagnostics for automation station;0;;;;;;No_Units;
Infra'DiagS7;202;Infra'DiagS7;2;1;Diagnostics for S7 program;0;;;;;;No_Units;
Infra'NotifCl1Extd;202;Infra'NotifCl1Extd;15;1;Highest priority notif.(acked., reset);;;;;;;;
Infra'NotifCl2Bsc;202;Infra'NotifCl2Bsc;15;2;Highest priority notif.(acknowledge);;;;;;;;
Infra'NotifCl3Smp;202;Infra'NotifCl3Smp;15;3;Highest priority notification;;;;;;;;
Infra'NotifCl4Extd;202;Infra'NotifCl4Extd;15;4;High priority notif.(acked., reset);;;;;;;;
Infra'NotifCl5Bsc;202;Infra'NotifCl5Bsc;15;5;High priority notification (acknowledge);;;;;;;;
Infra'NotifCl6Smp;202;Infra'NotifCl6Smp;15;6;High priority notification;;;;;;;;
Infra'NotifCl7Extd;202;Infra'NotifCl7Extd;15;7;Medium priority notif.(acked., reset);;;;;;;;
Infra'NotifCl8Bsc;202;Infra'NotifCl8Bsc;15;8;Medium priority notif.(acknowledge);;;;;;;;
Infra'NotifCl9Smp;202;Infra'NotifCl9Smp;15;9;Medium priority notification;;;;;;;;
Infra'NotifCl10Extd;202;Infra'NotifCl10Extd;15;10;Low priority notification (acked, reset);;;;;;;;
Infra'NotifCl11Bsc;202;Infra'NotifCl11Bsc;15;11;Low priority notification (acknowledge);;;;;;;;
Infra'NotifCl12Smp;202;Infra'NotifCl12Smp;15;12;Low priority notification;;;;;;;;
Infra'NotifCl13Extd;202;Infra'NotifCl13Extd;15;13;Lowest priority notif.(acked., reset);;;;;;;;
Infra'NotifCl14Bsc;202;Infra'NotifCl14Bsc;15;14;Lowest priority notif.(acknowledge);;;;;;;;
Infra'NotifCl15Smp;202;Infra'NotifCl15Smp;15;15;Lowest priority notification;;;;;;;;
Infra'NotifCl16Smp;202;Infra'NotifCl16Smp;15;16;None priority notification;;;;;;;;
Infra'NotifCl17Buf;202;Infra'NotifCl17Buf;15;17;Buffer ready notification;;;;;;;;
Infra'NotifCl18Dev;202;Infra'NotifCl18Dev;15;18;Device alert notification;;;;;;;;
IOBus;202;IOBus;29;2;I/O bus;;;;;;;;
BATX;202;BATX;10;30;~;;;;;;;;
DATX;202;DATX;10;40;~;;;;;;;;
BATX-en;202;BATX-en;10;221;~;;;;;;;;
IOBus'IOBusMgmt;202;IOBus'IOBusMgmt;19;1;I/O bus management;Operational;;;;;;;
IOBus'TxIOBusSta;202;IOBus'TxIOBusSta;19;2;TX-I/O bus state;Normal;;;;;;;
IOBus'TxIOBusStaMon;202;IOBus'TxIOBusStaMon;9;1;TX-I/O bus monitoring state;;;;;;;;
IOBus'DiagTxIOBus;202;IOBus'DiagTxIOBus;2;2;Diagnostics for TX-I/O bus;0;;;;;;No_Units;
PlnkBus;202;PlnkBus;29;3;KNX PL-Link bus;;;;;;;;
BAPL;202;BAPL;10;31;~;;;;;;;;
DAPL;202;DAPL;10;41;~;;;;;;;;
BAPL-en;202;BAPL-en;10;242;~;;;;;;;;
PlnkBus'PlnkBusMgmt;202;PlnkBus'PlnkBusMgmt;19;3;KNX PL-Link bus management;Operational;;;;;;;
PlnkBus'PlnkBusSta;202;PlnkBus'PlnkBusSta;19;4;KNX PL-Link bus state;Normal;;;;;;;
PlnkBus'PlnkBusStaMon;202;PlnkBus'PlnkBusStaMon;9;2;KNX PL-Link bus monitoring state;;;;;;;;
PlnkBus'DiagPlnkBus;202;PlnkBus'DiagPlnkBus;2;3;Diagnostics for KNX PL-Link bus;0;;;;;;No_Units;
DaliBus;202;DaliBus;29;4;DALI bus;;;;;;;;
BADALI;202;BADALI;10;32;~;;;;;;;;
DADALI;202;DADALI;10;42;~;;;;;;;;
BADALI-en;202;BADALI-en;10;263;~;;;;;;;;
DaliBus'DaliBusMgmt;202;DaliBus'DaliBusMgmt;19;5;DALI bus management;Operational;;;;;;;
DaliBus'DaliBusSta;202;DaliBus'DaliBusSta;19;6;DALI bus state;Normal;;;;;;;
DaliBus'DaliBusStaMon;202;DaliBus'DaliBusStaMon;9;3;DALI bus monitoring state;;;;;;;;
DaliBus'DiagDaliBus;202;DaliBus'DiagDaliBus;2;4;Diagnostics for DALI bus;0;;;;;;No_Units;
AccessCtrl;202;AccessCtrl;10;54;~;;;;;;;;
AbtErInfo.xml;202;AbtErInfo.xml;10;70;~;;;;;;;;
CnfExtnFW.xml.gz;202;CnfExtnFW.xml.gz;10;10;~;;;;;;;;
BA_MetaData_v02.02_BA_S1-Room-Ctl_0_CnfExtn.sql.gz;202;BA_MetaData_v02.02_BA_S1-Room-Ctl_0_CnfExtn.sql.gz;10;18;~;;;;;;;;
WS_Text-en.sql.gz;202;WS_Text-en.sql.gz;10;287;~;;;;;;;;
CenLab'CenFnct207;202;CenLab'CenFnct207;29;5;Central function;;;;;;;;
CenLab'CenFnct207'OpModOut;202;CenLab'CenFnct207'OpModOut;1;0;Operating mode output;NULL;0;100;;;;Percent;
CenLab'CenFnct207'SpCOut;202;CenLab'CenFnct207'SpCOut;1;1;Setpoint cooling output;NULL;0;100;;;;Percent;
CenLab'CenFnct207'TROut;202;CenLab'CenFnct207'TROut;1;2;Room temperature output;NULL;0;100;;;;Percent;
BA_29,5-en;202;BA_29,5-en;10;305;~;;;;;;;;
BA_29,5;202;BA_29,5;10;306;~;;;;;;;;
CenLab'CenFnct207'ItfPrim;202;CenLab'CenFnct207'ItfPrim;29;6;Interface to primary controller;;;;;;;;
CenLab'CenFnct207'SpHOut;202;CenLab'CenFnct207'SpHOut;1;3;Setpoint heating output;NULL;0;100;;;;Percent;
CenLab'CenFnct207'CenOpMod;202;CenLab'CenFnct207'CenOpMod;29;7;Central operating mode;;;;;;;;
CenLab'CenFnct207'CenOpMod'OpModDlyOn2;202;CenLab'CenFnct207'CenOpMod'OpModDlyOn2;29;8;Operating mode switch-on delay 2;;;;;;;;
CenLab'CenFnct207'CenOpMod'OpModDlyOn1;202;CenLab'CenFnct207'CenOpMod'OpModDlyOn1;29;9;Operating mode switch-on delay 1;;;;;;;;
CenLab'CenFnct207'CenOpMod'CenOpModMst;202;CenLab'CenFnct207'CenOpMod'CenOpModMst;257;0;Master for central operating mode;;;;;;;;
CenLab'CenFnct207'CenOpMod'OpModDlyOn3;202;CenLab'CenFnct207'CenOpMod'OpModDlyOn3;29;10;Operating mode switch-on delay 3;;;;;;;;
CenLab'CenFnct207'CenOpMod'ROpDstr;202;CenLab'CenFnct207'CenOpMod'ROpDstr;29;11;Room operation distribution;;;;;;;;
CenLab'CenFnct207'CenOpMod'CenCndTrg;202;CenLab'CenFnct207'CenOpMod'CenCndTrg;19;7;Central condition trigger;1;;;;;;;
CenLab'CenFnct207'CenOpMod'CenOpModCmdv;202;CenLab'CenFnct207'CenOpMod'CenOpModCmdv;19;8;Central operating mode command value;NULL;;;;;;;
CenLab'CenFnct207'CenOpMod'Ossc;202;CenLab'CenFnct207'CenOpMod'Ossc;29;12;Optimum start stop control;;;;;;;;
CenLab'CenFnct207'CenOpMod'Ossc'NxOpMod;202;CenLab'CenFnct207'CenOpMod'Ossc'NxOpMod;19;9;Next operating mode;4;;;;;;;
CenLab'CenFnct207'CenOpMod'Ossc'RClmOpModIn;202;CenLab'CenFnct207'CenOpMod'Ossc'RClmOpModIn;19;10;Room climate operating mode input value;1;;;;;;;
CenLab'CenFnct207'CenOpMod'Ossc'WarmUp;202;CenLab'CenFnct207'CenOpMod'Ossc'WarmUp;5;0;Warm-up;Inactive;;;;;;;
CenLab'CenFnct207'CenOpMod'Ossc'CoolDwn;202;CenLab'CenFnct207'CenOpMod'Ossc'CoolDwn;5;1;Cool down;Inactive;;;;;;;
CenLab'CenFnct207'CenOpMod'NgtCReq;202;CenLab'CenFnct207'CenOpMod'NgtCReq;5;2;Night cooling request;Inactive;;;;;;;
CenLab'CenFnct207'CenFnctStaMon;202;CenLab'CenFnct207'CenFnctStaMon;9;4;Central function monitoring state;;;;;;;;
CenLab'CenFnct207'CenFnctSta;202;CenLab'CenFnct207'CenFnctSta;19;11;Central function state;Normal;;;;;;;
CenLab'CenFnct207'SplyChw;202;CenLab'CenFnct207'SplyChw;29;13;Supply chain for chilled water;;;;;;;;
CenLab'CenFnct207'SplyChw'SplyChwMst;202;CenLab'CenFnct207'SplyChw'SplyChwMst;257;1;Master for supply chain chilled water;;;;;;;;
CenLab'CenFnct207'SplyChw'FreeC;202;CenLab'CenFnct207'SplyChw'FreeC;29;14;Free cooling;;;;;;;;
CenLab'CenFnct207'SplyChw'ChwSpTFl;202;CenLab'CenFnct207'SplyChw'ChwSpTFl;2;5;Supply chain chilled w.flow temp.setp.;8;5;25;;;;Degrees_Celsius;
CenLab'CenFnct207'SplyChw'ChwSpCorrTFlLo;202;CenLab'CenFnct207'SplyChw'ChwSpCorrTFlLo;2;6;Sply.chilled water setp.corr.f.lower FT;-2;-10;0;;;;Degrees_Kelvin;
CenLab'CenFnct207'SplyChw'ChwSpCorrTFlHi;202;CenLab'CenFnct207'SplyChw'ChwSpCorrTFlHi;2;7;Sply.chilled water setp.corr.f.higher FT;2;0;10;;;;Degrees_Kelvin;
CenLab'CenFnct207'SplyChw'CReq;202;CenLab'CenFnct207'SplyChw'CReq;19;12;Cooling request;1;;;;;;;
CenLab'CenFnct207'SplyChw'ChwVlvPosEvl;202;CenLab'CenFnct207'SplyChw'ChwVlvPosEvl;2;8;Sply.chain chilled water valve pos.eval.;0;0;100;;;;Percent;
CenLab'CenFnct207'SplyChw'SpCReq;202;CenLab'CenFnct207'SplyChw'SpCReq;2;9;Setpoint for cooling request;0;0;50;;;;Degrees_Celsius;
CenLab'CenFnct207'SplyChw'Chovr2Pipe;202;CenLab'CenFnct207'SplyChw'Chovr2Pipe;29;15;Changeover function for 2-pipe;;;;;;;;
CenLab'CenFnct207'SplyChw'CdnPrev;202;CenLab'CenFnct207'SplyChw'CdnPrev;29;16;Condensation prevention;;;;;;;;
CenLab'CenFnct207'ItfLab;202;CenLab'CenFnct207'ItfLab;29;17;Interface to Lab infrastructure;;;;;;;;
CenLab'CenFnct207'ItfLab'TOa;202;CenLab'CenFnct207'ItfLab'TOa;2;10;Outside air temperature equivalent;0;-20;70;;;;Degrees_Celsius;
CenLab'CenFnct207'CenWthStn;202;CenLab'CenFnct207'CenWthStn;29;18;Central weather station;;;;;;;;
CenLab'CenFnct207'CenWthStn'CenWthStnMst;202;CenLab'CenFnct207'CenWthStn'CenWthStnMst;257;2;Master for central weather station;;;;;;;;
CenLab'CenFnct207'SplyHw;202;CenLab'CenFnct207'SplyHw;29;19;Supply chain for hot water;;;;;;;;
CenLab'CenFnct207'SplyHw'HwSpTFlHi;202;CenLab'CenFnct207'SplyHw'HwSpTFlHi;2;11;Hot w.flow temp.setp.for high outs.temp.;25;10;95;;;;Degrees_Celsius;
CenLab'CenFnct207'SplyHw'HwTOaDsgn;202;CenLab'CenFnct207'SplyHw'HwTOaDsgn;2;12;Supply chain hot water design outs.temp.;-15;-30;30;;;;Degrees_Celsius;
CenLab'CenFnct207'SplyHw'HwTOaHi;202;CenLab'CenFnct207'SplyHw'HwTOaHi;2;13;Supply chain hot water outside temp.high;5;0;10;;;;Degrees_Kelvin;
CenLab'CenFnct207'SplyHw'HwSpCorrTFlLo;202;CenLab'CenFnct207'SplyHw'HwSpCorrTFlLo;2;14;Sply.hot w.setp.corr.f.lower flow temp.;-5;-10;0;;;;Degrees_Kelvin;
CenLab'CenFnct207'SplyHw'HwSpCorrTFlHi;202;CenLab'CenFnct207'SplyHw'HwSpCorrTFlHi;2;15;Sply.hot w.setp.corr.f.higher flow temp.;15;-30;30;;;;Degrees_Celsius;
CenLab'CenFnct207'SplyHw'SpHReq;202;CenLab'CenFnct207'SplyHw'SpHReq;2;16;Setpoint for heating request;0;10;95;;;;Degrees_Celsius;
CenLab'CenFnct207'SplyHw'HwVlvPosEvl;202;CenLab'CenFnct207'SplyHw'HwVlvPosEvl;2;17;Supply chain hot water valve pos.eval.;0;0;100;;;;Percent;
CenLab'CenFnct207'SplyHw'HReq;202;CenLab'CenFnct207'SplyHw'HReq;19;13;Heating request;1;;;;;;;
CenLab'CenFnct207'SplyHw'HwSpTFlDsgn;202;CenLab'CenFnct207'SplyHw'HwSpTFlDsgn;2;18;Hot w.flow temp.setp.f.design outs.temp.;70;10;95;;;;Degrees_Celsius;
CenLab'CenFnct207'SplyHw'SplyHwMst;202;CenLab'CenFnct207'SplyHw'SplyHwMst;257;3;Master for supply chain hot water;;;;;;;;
TXM1.8U_0_1;202;TXM1.8U_0_1;29;20;Universal module, 8 I/O points;;;;;;;;
TXM1.8U_0_1'IOMdl;202;TXM1.8U_0_1'IOMdl;19;14;I/O module;Operational;;;;;;;
CenLab'CenFnct207'SplyAir;202;CenLab'CenFnct207'SplyAir;29;21;Supply chain for air;;;;;;;;
CenLab'CenFnct207'SplyAir'SpAirFlExEvl;202;CenLab'CenFnct207'SplyAir'SpAirFlExEvl;29;24;Setpoint eval.for extract air vol.flow;;;;;;;;
CenLab'CenFnct207'SplyAir'VavExStrtnEvl;202;CenLab'CenFnct207'SplyAir'VavExStrtnEvl;29;27;Extract air VAV saturation evaluation;;;;;;;;
CenLab'CenFnct207'SplyAir'AirFlDvnExEvl;202;CenLab'CenFnct207'SplyAir'AirFlDvnExEvl;29;30;Extract air vol.flow deviation eval.;;;;;;;;
CenLab'CenFnct207'SplyAir'VavSuStrtnEvl;202;CenLab'CenFnct207'SplyAir'VavSuStrtnEvl;29;33;Supply air VAV saturation evaluation;;;;;;;;
CenLab'CenFnct207'SplyAir'DmpPosExEvl;202;CenLab'CenFnct207'SplyAir'DmpPosExEvl;29;35;Damper pos.evaluation for extract air;;;;;;;;
CenLab'CenFnct207'SplyAir'DmpPosExEvl'DmpPosEx;202;CenLab'CenFnct207'SplyAir'DmpPosExEvl'DmpPosEx;2;24;Damper position for extract air;0;0;100;;;;Percent;
CenLab'CenFnct207'SplyAir'DmpPosExEvl'NumDmpExActv;202;CenLab'CenFnct207'SplyAir'DmpPosExEvl'NumDmpExActv;2;25;Number of active damper for extract air;0;0;1000;;;;No_Units;
CenLab'CenFnct207'SplyAir'AhuModCnd;202;CenLab'CenFnct207'SplyAir'AhuModCnd;5;3;Condition of AHU mode;Off;;;;;;;
CenLab'CenFnct207'SplyAir'TSu;202;CenLab'CenFnct207'SplyAir'TSu;2;26;Supply air temperature;18;0;50;;;;Degrees_Celsius;
CenLab'CenFnct207'SplyAir'FanExCst;202;CenLab'CenFnct207'SplyAir'FanExCst;5;4;Coasting of extract air fan;Off;;;;;;;
CenLab'CenFnct207'SplyAir'SplyAirMst;202;CenLab'CenFnct207'SplyAir'SplyAirMst;257;4;Master for supply chain air;;;;;;;;
CenLab'CenFnct207'SplyAir'FanSuCst;202;CenLab'CenFnct207'SplyAir'FanSuCst;5;5;Coasting of supply air fan;Off;;;;;;;
CenLab'CenFnct207'SplyAir'SpAirFlSuEvl;202;CenLab'CenFnct207'SplyAir'SpAirFlSuEvl;29;39;Setpoint eval.for supply air vol.flow;;;;;;;;
CenLab'CenFnct207'SplyAir'RlfFnct;202;CenLab'CenFnct207'SplyAir'RlfFnct;29;42;Relief function;;;;;;;;
CenLab'CenFnct207'SplyAir'SpTSuDtr;202;CenLab'CenFnct207'SplyAir'SpTSuDtr;29;44;Setpoint for supply air temp.determ.;;;;;;;;
CenLab'CenFnct207'SplyAir'SpTSuDtr'TSuMax;202;CenLab'CenFnct207'SplyAir'SpTSuDtr'TSuMax;2;28;Max.supply air temperature;32;5;50;;;;Degrees_Celsius;
CenLab'CenFnct207'SplyAir'SpTSuDtr'EvlNumTSuH;202;CenLab'CenFnct207'SplyAir'SpTSuDtr'EvlNumTSuH;2;29;Eval.number of supply air temp.for heat.;0;0;1000;;;;No_Units;
CenLab'CenFnct207'SplyAir'SpTSuDtr'TSuMin;202;CenLab'CenFnct207'SplyAir'SpTSuDtr'TSuMin;2;30;Min.supply air temperature;16;5;50;;;;Degrees_Celsius;
CenLab'CenFnct207'SplyAir'SpTSuDtr'SttValH;202;CenLab'CenFnct207'SplyAir'SpTSuDtr'SttValH;2;31;Start value for heating;22;5;50;;;;Degrees_Celsius;
CenLab'CenFnct207'SplyAir'SpTSuDtr'SttValC;202;CenLab'CenFnct207'SplyAir'SpTSuDtr'SttValC;2;32;Start value for cooling;24;5;50;;;;Degrees_Celsius;
CenLab'CenFnct207'SplyAir'SpTSuDtr'ReHclVlvPosEvl;202;CenLab'CenFnct207'SplyAir'SpTSuDtr'ReHclVlvPosEvl;2;33;Reheating coil valve position evaluation;0;0;100;;;;Percent;
CenLab'CenFnct207'SplyAir'SpTSuDtr'SpLoTSu;202;CenLab'CenFnct207'SplyAir'SpTSuDtr'SpLoTSu;2;34;Setpoint low for supply air temperature;NULL;0;50;;;;Degrees_Celsius;
CenLab'CenFnct207'SplyAir'SpTSuDtr'SpHiTSu;202;CenLab'CenFnct207'SplyAir'SpTSuDtr'SpHiTSu;2;35;Setpoint high for supply air temperature;NULL;0;50;;;;Degrees_Celsius;
CenLab'CenFnct207'SplyAir'SpTSuDtr'EvlTSuHMax;202;CenLab'CenFnct207'SplyAir'SpTSuDtr'EvlTSuHMax;2;36;Evaluated max.supply air temp.for heat.;0;0;100;;;;Percent;
CenLab'CenFnct207'SplyAir'SpTSuDtr'EvlNumTSuC;202;CenLab'CenFnct207'SplyAir'SpTSuDtr'EvlNumTSuC;2;37;Eval.number of supply air temp.for cool.;0;0;1000;;;;No_Units;
CenLab'CenFnct207'SplyAir'SpTSuDtr'EvlTSuCMax;202;CenLab'CenFnct207'SplyAir'SpTSuDtr'EvlTSuCMax;2;38;Evaluated max.supply air temp.for cool.;0;0;100;;;;Percent;
CenLab'CenFnct207'SplyAir'AQualDmd;202;CenLab'CenFnct207'SplyAir'AQualDmd;2;39;Air quality demand;0;0;100;;;;Percent;
CenLab'CenFnct207'SplyAir'AhuDmd;202;CenLab'CenFnct207'SplyAir'AhuDmd;19;15;Demand for air handling unit;NULL;;;;;;;
CenLab'CenFnct207'SplyAir'NumAirDmd;202;CenLab'CenFnct207'SplyAir'NumAirDmd;2;40;Number of air demand for plant mode;0;0;1000;;;;No_Units;
CenLab'CenFnct207'SplyAir'ChovrCndAirDtr;202;CenLab'CenFnct207'SplyAir'ChovrCndAirDtr;29;48;Changeover condition determ.for air;;;;;;;;
CenLab'CenFnct207'SplyAir'DmpPosSuEvl;202;CenLab'CenFnct207'SplyAir'DmpPosSuEvl;29;50;Damper pos.evaluation for supply air;;;;;;;;
CenLab'CenFnct207'SplyAir'DmpPosSuEvl'DmpPosSu;202;CenLab'CenFnct207'SplyAir'DmpPosSuEvl'DmpPosSu;2;43;Damper position for supply air;0;0;100;;;;Percent;
CenLab'CenFnct207'SplyAir'DmpPosSuEvl'NumDmpSuActv;202;CenLab'CenFnct207'SplyAir'DmpPosSuEvl'NumDmpSuActv;2;44;Number of active damper for supply air;0;0;1000;;;;No_Units;
CenLab'CenFnct207'SplyAir'AirFlDvnSuEvl;202;CenLab'CenFnct207'SplyAir'AirFlDvnSuEvl;29;54;Supply air vol.flow deviation evaluation;;;;;;;;
CenLab'CenFnct207'SplyAir'VavOvrr;202;CenLab'CenFnct207'SplyAir'VavOvrr;29;56;VAV overridden value;;;;;;;;
CenLab'CenFnct207'SplyAir'TDwpEvl;202;CenLab'CenFnct207'SplyAir'TDwpEvl;29;60;Dew point temperature evaluation;;;;;;;;
CenLab'CenFnct207'SplyAir'HuREvl;202;CenLab'CenFnct207'SplyAir'HuREvl;29;63;Room air humidity evaluation;;;;;;;;
CenLab'CenFnct207'TWthZone;202;CenLab'CenFnct207'TWthZone;0;0;Temperature weather zone;0;-40;70;;;;Degrees_Celsius;
S7PAPP.tar;202;S7PAPP.tar;10;2;~;;;;;;;;
CenLab'CenFnct207'ItfPrim'HCmdVal;202;CenLab'CenFnct207'ItfPrim'HCmdVal;5;9;Dummy for constant supply;NULL;;;;;;;
CenLab'CenFnct207'ItfPrim'CCmdVal;202;CenLab'CenFnct207'ItfPrim'CCmdVal;5;10;Dummy for constant supply;NULL;;;;;;;
Infra'App Conf;207;Infra'App Conf;263;0;~;;;;Idle;;;;
RoomCtrl207;207;RoomCtrl207;8;207;Room Control;;;;;;;;
Lab'Flr_2'R_207;207;Lab'Flr_2'R_207;29;7;Room 207;;;;;;;;
Lab'Flr_2'R_207'RCtl;207;Lab'Flr_2'R_207'RCtl;257;0;Room control;;;;;;;;
Lab'Flr_2'R_207'ROpUnItf'ROpUnCtl;207;Lab'Flr_2'R_207'ROpUnItf'ROpUnCtl;257;1;Room operator unit control;;;;;;;;
Lab'Flr_2'S_207;207;Lab'Flr_2'S_207;29;8;Room segment 207;;;;;;;;
Lab'Flr_2'S_207'RCtl;207;Lab'Flr_2'S_207'RCtl;256;0;Room control;;;;;;;;
Lab'Flr_2'S_207'ROpUnCtl;207;Lab'Flr_2'S_207'ROpUnCtl;256;1;Room operator unit control;;;;;;;;
Lab'Flr_2'S_207'RadVlvPos(1);207;Lab'Flr_2'S_207'RadVlvPos(1);1;126;Radiator valve position 1;0;0;100;;;;%;
Lab'Flr_2'S_207'ROpUnDev(1)'ROpUn(1);207;Lab'Flr_2'S_207'ROpUnDev(1)'ROpUn(1);19;410;Room operator unit 1;Operational;;;;;;;
Lab'Flr_2'R_207'ROpModDtr;207;Lab'Flr_2'R_207'ROpModDtr;29;10;Room operating mode determination;;;;;;;;
Lab'Flr_2'R_207'RGrnLf;207;Lab'Flr_2'R_207'RGrnLf;29;13;Room green leaf;;;;;;;;
Lab'Flr_2'R_207'RHvacCoo;207;Lab'Flr_2'R_207'RHvacCoo;29;19;Room HVAC coordination;;;;;;;;
Lab'Flr_2'R_207'RHvacCoo'PltModDtr;207;Lab'Flr_2'R_207'RHvacCoo'PltModDtr;29;54;Plant operating mode determination;;;;;;;;
Lab'Flr_2'R_207'RHvacCoo'SpTRDtr;207;Lab'Flr_2'R_207'RHvacCoo'SpTRDtr;29;33;Room temperature setpoint determination;;;;;;;;
Lab'Flr_2'R_207'RHvacCoo'TCtlC;207;Lab'Flr_2'R_207'RHvacCoo'TCtlC;29;23;Temperature control for cooling;;;;;;;;
Lab'Flr_2'R_207'RHvacCoo'TCtlC'VavTRCtrC;207;Lab'Flr_2'R_207'RHvacCoo'TCtlC'VavTRCtrC;12;6;Room temp.controller cooling for VAV;0;;;;;;;
Lab'Flr_2'R_207'RHvacCoo'TCtlC'CclTRCtrC;207;Lab'Flr_2'R_207'RHvacCoo'TCtlC'CclTRCtrC;12;5;Room temp.ctr.cooling for cooling coil;0;;;;;;;
Lab'Flr_2'R_207'RHvacCoo'TCtlC'HCclTRCtrC;207;Lab'Flr_2'R_207'RHvacCoo'TCtlC'HCclTRCtrC;12;4;Room temp.ctr.cool.for heating/cool.coil;0;;;;;;;
Lab'Flr_2'R_207'RHvacCoo'TCtlC'RcgTRCtrC;207;Lab'Flr_2'R_207'RHvacCoo'TCtlC'RcgTRCtrC;12;3;Room temp.ctr.cool.for radiant ceiling;0;;;;;;;
Lab'Flr_2'R_207'RHvacCoo'TCtlC'SpCCmf;207;Lab'Flr_2'R_207'RHvacCoo'TCtlC'SpCCmf;2;14;Cooling setpoint for comfort;0;;;;;;°C;
Lab'Flr_2'R_207'RHvacCoo'TCtlC'DSpCPcf;207;Lab'Flr_2'R_207'RHvacCoo'TCtlC'DSpCPcf;2;15;Delta cooling setpoint for pre-comfort;2;;;;;;K;
Lab'Flr_2'R_207'RHvacCoo'TCtlC'SpCEco;207;Lab'Flr_2'R_207'RHvacCoo'TCtlC'SpCEco;2;18;Cooling setpoint for economy;35;;;;;;°C;
Lab'Flr_2'R_207'RHvacCoo'TCtlC'SpCPrt;207;Lab'Flr_2'R_207'RHvacCoo'TCtlC'SpCPrt;2;17;Cooling setpoint for protection;40;;;;;;°C;
Lab'Flr_2'R_207'RHvacCoo'TCtlH;207;Lab'Flr_2'R_207'RHvacCoo'TCtlH;29;29;Temperature control for heating;;;;;;;;
Lab'Flr_2'R_207'RHvacCoo'TCtlH'VavTRCtrH;207;Lab'Flr_2'R_207'RHvacCoo'TCtlH'VavTRCtrH;12;14;Room temp.controller heating for VAV;0;;;;;;;
Lab'Flr_2'R_207'RHvacCoo'TCtlH'HCclTRCtrH;207;Lab'Flr_2'R_207'RHvacCoo'TCtlH'HCclTRCtrH;12;15;Room temp.ctr.heat.for heating/cool.coil;0;;;;;;;
Lab'Flr_2'R_207'RHvacCoo'TCtlH'HclTRCtrH;207;Lab'Flr_2'R_207'RHvacCoo'TCtlH'HclTRCtrH;12;13;Room temp.ctr.heating for heating coil;0;;;;;;;
Lab'Flr_2'R_207'RHvacCoo'TCtlH'RcgTRCtrH;207;Lab'Flr_2'R_207'RHvacCoo'TCtlH'RcgTRCtrH;12;12;Room temp.ctr.heat.for radiant ceiling;0;;;;;;;
Lab'Flr_2'R_207'RHvacCoo'TCtlH'RadTRCtrH;207;Lab'Flr_2'R_207'RHvacCoo'TCtlH'RadTRCtrH;12;11;Room temp.controller heat.for radiator;0;;;;;;;
Lab'Flr_2'R_207'RHvacCoo'TCtlH'SpHCmf;207;Lab'Flr_2'R_207'RHvacCoo'TCtlH'SpHCmf;2;32;Heating setpoint for comfort;0;;;;;;°C;
Lab'Flr_2'R_207'RHvacCoo'TCtlH'DSpHPcf;207;Lab'Flr_2'R_207'RHvacCoo'TCtlH'DSpHPcf;2;35;Delta heating setpoint for pre-comfort;2;;;;;;K;
Lab'Flr_2'R_207'RHvacCoo'TCtlH'SpHEco;207;Lab'Flr_2'R_207'RHvacCoo'TCtlH'SpHEco;2;34;Heating setpoint for economy;15;;;;;;°C;
Lab'Flr_2'R_207'RHvacCoo'TCtlH'SpHPrt;207;Lab'Flr_2'R_207'RHvacCoo'TCtlH'SpHPrt;2;33;Heating setpoint for protection;12;;;;;;°C;
Lab'Flr_2'R_207'RHvacCoo'HCStaDtr;207;Lab'Flr_2'R_207'RHvacCoo'HCStaDtr;29;48;Heating/cooling state determination;;;;;;;;
Lab'Flr_2'R_207'RHvacCoo'GrnLf;207;Lab'Flr_2'R_207'RHvacCoo'GrnLf;29;42;Green leaf;;;;;;;;
Lab'Flr_2'S_207'HVAC'Rcg;207;Lab'Flr_2'S_207'HVAC'Rcg;29;120;Radiant ceiling;;;;;;;;
Lab'Flr_2'S_207'HVAC'Rad;207;Lab'Flr_2'S_207'HVAC'Rad;29;87;Radiator;;;;;;;;
Infra;207;Infra;29;1;Infrastructure;;;;;;;;
Infra'AsEvtEnr;207;Infra'AsEvtEnr;52;0;Automation station event enrollment;4194303;;;;;;;
Infra'AsSta;207;Infra'AsSta;19;0;Automation station state;Normal;;;;;;;
Infra'AsStaMon;207;Infra'AsStaMon;9;0;Automation station monitoring state;;;;;;;;
Infra'AsEvtLog;207;Infra'AsEvtLog;25;0;Automation station event logging;;;;;;;;
Infra'PgmS7;207;Infra'PgmS7;16;0;S7 program;;;;;;;;
Infra'Nwk Port IP;207;Infra'Nwk Port IP;264;0;~;;;;Idle;;;;
Infra'DiagAs;207;Infra'DiagAs;2;0;Diagnostics for automation station;0;;;;;;---;
Infra'DiagS7;207;Infra'DiagS7;2;1;Diagnostics for S7 program;0;;;;;;---;
Infra'NotifCl1Extd;207;Infra'NotifCl1Extd;15;1;Highest priority notif.(acked., reset);;;;;;;;
Infra'NotifCl2Bsc;207;Infra'NotifCl2Bsc;15;2;Highest priority notif.(acknowledge);;;;;;;;
Infra'NotifCl3Smp;207;Infra'NotifCl3Smp;15;3;Highest priority notification;;;;;;;;
Infra'NotifCl4Extd;207;Infra'NotifCl4Extd;15;4;High priority notif.(acked., reset);;;;;;;;
Infra'NotifCl5Bsc;207;Infra'NotifCl5Bsc;15;5;High priority notification (acknowledge);;;;;;;;
Infra'NotifCl6Smp;207;Infra'NotifCl6Smp;15;6;High priority notification;;;;;;;;
Infra'NotifCl7Extd;207;Infra'NotifCl7Extd;15;7;Medium priority notif.(acked., reset);;;;;;;;
Infra'NotifCl8Bsc;207;Infra'NotifCl8Bsc;15;8;Medium priority notif.(acknowledge);;;;;;;;
Infra'NotifCl9Smp;207;Infra'NotifCl9Smp;15;9;Medium priority notification;;;;;;;;
Infra'NotifCl10Extd;207;Infra'NotifCl10Extd;15;10;Low priority notification (acked, reset);;;;;;;;
Infra'NotifCl11Bsc;207;Infra'NotifCl11Bsc;15;11;Low priority notification (acknowledge);;;;;;;;
Infra'NotifCl12Smp;207;Infra'NotifCl12Smp;15;12;Low priority notification;;;;;;;;
Infra'NotifCl13Extd;207;Infra'NotifCl13Extd;15;13;Lowest priority notif.(acked., reset);;;;;;;;
Infra'NotifCl14Bsc;207;Infra'NotifCl14Bsc;15;14;Lowest priority notif.(acknowledge);;;;;;;;
Infra'NotifCl15Smp;207;Infra'NotifCl15Smp;15;15;Lowest priority notification;;;;;;;;
Infra'NotifCl16Smp;207;Infra'NotifCl16Smp;15;16;None priority notification;;;;;;;;
Infra'NotifCl17Buf;207;Infra'NotifCl17Buf;15;17;Buffer ready notification;;;;;;;;
Infra'NotifCl18Dev;207;Infra'NotifCl18Dev;15;18;Device alert notification;;;;;;;;
Infra'AppNr;207;Infra'AppNr;2;4;~;0;;;;;;---;
AsView;207;AsView;29;0;Automation station view;;;;;;;;
IOBus;207;IOBus;29;2;I/O bus;;;;;;;;
IOBus'IOBusMgmt;207;IOBus'IOBusMgmt;19;1;I/O bus management;Operational;;;;;;;
IOBus'IOBusSta;207;IOBus'IOBusSta;19;2;I/O bus state;Normal;;;;;;;
IOBus'IOBusStaMon;207;IOBus'IOBusStaMon;9;1;I/O bus monitoring state;;;;;;;;
IOBus'DiagIOBus;207;IOBus'DiagIOBus;2;2;Diagnostics for I/O bus;0;;;;;;---;
OnbMdl6UI;207;OnbMdl6UI;29;590;On-board module with 6 universal inputs;;;;;;;;
OnbMdl6UI'OnbMdl;207;OnbMdl6UI'OnbMdl;19;513;On-board module;Operational;;;;;;;
OnbMdl8BO;207;OnbMdl8BO;29;591;On-board module with 8 binary outputs;;;;;;;;
OnbMdl8BO'OnbMdl;207;OnbMdl8BO'OnbMdl;19;514;On-board module;Operational;;;;;;;
OnbMdl4AO;207;OnbMdl4AO;29;592;On-board module with 4 analog outputs;;;;;;;;
OnbMdl4AO'OnbMdl;207;OnbMdl4AO'OnbMdl;19;515;On-board module;Operational;;;;;;;
Lab'Flr_2'S_207'RcgVlvPosC(1);207;Lab'Flr_2'S_207'RcgVlvPosC(1);1;163;Radiant ceiling valve pos.for cooling 1;0;0;100;;;;%;
PlnkBus;207;PlnkBus;29;3;KNX PL-Link bus;;;;;;;;
PlnkBus'PlnkBusMgmt;207;PlnkBus'PlnkBusMgmt;19;3;KNX PL-Link bus management;Operational;;;;;;;
PlnkBus'PlnkBusSta;207;PlnkBus'PlnkBusSta;19;4;KNX PL-Link bus state;Normal;;;;;;;
PlnkBus'PlnkBusStaMon;207;PlnkBus'PlnkBusStaMon;9;2;KNX PL-Link bus monitoring state;;;;;;;;
PlnkBus'DiagPlnkBus;207;PlnkBus'DiagPlnkBus;2;3;Diagnostics for KNX PL-Link bus;0;;;;;;---;
Lab'Flr_2'S_207'ROpUnDev(1);207;Lab'Flr_2'S_207'ROpUnDev(1);29;410;Room operator unit device 1;;;;;;;;
Lab'Flr_2'S_207'ROpUnDev(1)'LockOpRu;207;Lab'Flr_2'S_207'ROpUnDev(1)'LockOpRu;5;197;Lock operation for room operator unit;False;;;;;;;
Lab'Flr_2'S_207'ROpUnDev(1)'REeiRstIn;207;Lab'Flr_2'S_207'ROpUnDev(1)'REeiRstIn;5;198;Reset of room energy effic.indic.input;False;;;;;;;
Lab'Flr_2'S_207'ROpUnDev(1)'REeiRu;207;Lab'Flr_2'S_207'ROpUnDev(1)'REeiRu;19;220;Energy effic.indic.room for room op.unit;Undefined;;;;;;;
Lab'Flr_2'S_207'ROpUnDev(1)'TR;207;Lab'Flr_2'S_207'ROpUnDev(1)'TR;0;76;Room temperature;0;0;50;;;;°C;
Lab'Flr_2'S_207'ROpUnDev(1)'FanSpdRu;207;Lab'Flr_2'S_207'ROpUnDev(1)'FanSpdRu;2;452;Fan speed for room operator unit;0;;;;;;%;
Lab'Flr_2'S_207'ROpUnDev(1)'HCStaRu;207;Lab'Flr_2'S_207'ROpUnDev(1)'HCStaRu;19;219;Heating/cooling state for room op.unit;Neither;;;;;;;
Lab'Flr_2'S_207'ROpUnDev(1)'RClmOpModRu;207;Lab'Flr_2'S_207'ROpUnDev(1)'RClmOpModRu;19;221;Room climate op.mode for room op.unit;Protection;;;;;;;
Lab'Flr_2'S_207'ROpUnDev(1)'PrSpRu;207;Lab'Flr_2'S_207'ROpUnDev(1)'PrSpRu;2;455;Present setpoint for room operator unit;0;;;;;;°C;
Lab'Flr_2'S_207'ROpUnDev(1)'TmpCmfRu;207;Lab'Flr_2'S_207'ROpUnDev(1)'TmpCmfRu;5;199;Temporary comfort for room operator unit;False;;;;;;;
Lab'Flr_2'S_207'ROpUnDev(1)'TRRu;207;Lab'Flr_2'S_207'ROpUnDev(1)'TRRu;2;456;Room temperature for room operator unit;0;;;;;;°C;
Lab'Flr_2'S_207'ROpUnDev(1)'AQualRRu;207;Lab'Flr_2'S_207'ROpUnDev(1)'AQualRRu;2;453;Room air quality for room operator unit;0;;;;;;ppm;
Lab'Flr_2'S_207'ROpUnDev(1)'AQualRIndRu;207;Lab'Flr_2'S_207'ROpUnDev(1)'AQualRIndRu;19;222;Room air quality ind.for room op.unit;Undefined;;;;;;;
Lab'Flr_2'S_207'ROpUnDev(1)'HuRelRRu;207;Lab'Flr_2'S_207'ROpUnDev(1)'HuRelRRu;2;454;Relative humidity for room op.unit;0;;;;;;%;
Lab'Flr_2'S_207'ROpUnDev(1)'WndContRu;207;Lab'Flr_2'S_207'ROpUnDev(1)'WndContRu;5;193;Window contact for room operator unit;False;;;;;;;
Lab'Flr_2'S_207'ROpUnDev(1)'TOaRu;207;Lab'Flr_2'S_207'ROpUnDev(1)'TOaRu;2;449;Outside air temperature for room op.unit;0;;;;;;°C;
Lab'Flr_2'S_207'ROpUnDev(1)'SpShftIn;207;Lab'Flr_2'S_207'ROpUnDev(1)'SpShftIn;2;450;Setpoint shift input value;0;;;;;;K;
Lab'Flr_2'S_207'ROpUnDev(1)'TmpCmfIn;207;Lab'Flr_2'S_207'ROpUnDev(1)'TmpCmfIn;5;192;Temporary comfort input value;False;;;;;;;
Lab'Flr_2'S_207'ROpUnDev(1)'RClmOpModIn;207;Lab'Flr_2'S_207'ROpUnDev(1)'RClmOpModIn;19;217;Room climate operating mode input value;Auto;;;;;;;
Lab'Flr_2'S_207'ROpUnDev(1)'PrSpShftRu;207;Lab'Flr_2'S_207'ROpUnDev(1)'PrSpShftRu;2;448;Pres.setp.shift for room operator unit;0;;;;;;K;
Lab'Flr_2'S_207'ROpUnDev(1)'FanSpdIn;207;Lab'Flr_2'S_207'ROpUnDev(1)'FanSpdIn;2;451;Fan speed input value;0;;;;;;%;
Lab'Flr_2'S_207'ROpUnDev(1)'FanOpIn;207;Lab'Flr_2'S_207'ROpUnDev(1)'FanOpIn;5;196;Fan operation input value;False;;;;;;;
Lab'Flr_2'S_207'ROpUnDev(1)'AQualR;207;Lab'Flr_2'S_207'ROpUnDev(1)'AQualR;0;74;Room air quality;0;0;5000;;;;ppm;
Lab'Flr_2'S_207'ROpUnDev(1)'HuRelR;207;Lab'Flr_2'S_207'ROpUnDev(1)'HuRelR;0;75;Relative humidity for room;0;10;95;;;;%RH;
Lab'Flr_2'S_207'ROpUnDev(1)'PscBtnIn;207;Lab'Flr_2'S_207'ROpUnDev(1)'PscBtnIn;5;194;Presence button input value;False;;;;;;;
Lab'Flr_2'S_207'ROpUnDev(1)'PscBtnRu;207;Lab'Flr_2'S_207'ROpUnDev(1)'PscBtnRu;5;195;Presence button for room operator unit;False;;;;;;;
Lab'Flr_2'R_207'RSta;207;Lab'Flr_2'R_207'RSta;19;8;Room state;Normal;;;;;;;
Lab'Flr_2'R_207'RStaMon;207;Lab'Flr_2'R_207'RStaMon;9;3;Room monitoring state;;;;;;;;
Lab'Flr_2'R_207'ROpModDtr'ROpMod;207;Lab'Flr_2'R_207'ROpModDtr'ROpMod;19;13;Room operating mode;Protection;;;;;;;
Lab'Flr_2'R_207'ROpModDtr'CmfBtn;207;Lab'Flr_2'R_207'ROpModDtr'CmfBtn;5;0;Comfort button;False;;;;;;;
Lab'Flr_2'R_207'ROpModDtr'ManOpCnd;207;Lab'Flr_2'R_207'ROpModDtr'ManOpCnd;19;14;Manual operation condition;Unlock;;;;;;;
Lab'Flr_2'R_207'ROpModDtr'CenCndTrg;207;Lab'Flr_2'R_207'ROpModDtr'CenCndTrg;19;12;Central condition trigger;None;;;;;;;
Lab'Flr_2'R_207'ROpModDtr'CmfCndTrg;207;Lab'Flr_2'R_207'ROpModDtr'CmfCndTrg;19;10;Comfort condition trigger;None;;;;;;;
Lab'Flr_2'R_207'ROpModDtr'EefCndTrg;207;Lab'Flr_2'R_207'ROpModDtr'EefCndTrg;19;11;Energy efficiency condition trigger;None;;;;;;;
Lab'Flr_2'R_207'ROpModDtr'CenOpMod;207;Lab'Flr_2'R_207'ROpModDtr'CenOpMod;256;2;Central operating mode;;;;;;;;
Lab'Flr_2'R_207'RGrnLf'REei;207;Lab'Flr_2'R_207'RGrnLf'REei;19;15;Energy efficiency indication room;Undefined;;;;;;;
Lab'Flr_2'R_207'RGrnLf'RLgtEei;207;Lab'Flr_2'R_207'RGrnLf'RLgtEei;19;16;Room energy efficiency ind.lighting;Undefined;;;;;;;
Lab'Flr_2'R_207'RGrnLf'RShdEei;207;Lab'Flr_2'R_207'RGrnLf'RShdEei;19;17;Room energy efficiency ind.shading;Undefined;;;;;;;
Lab'Flr_2'R_207'RGrnLf'REeiRst;207;Lab'Flr_2'R_207'RGrnLf'REeiRst;5;1;Reset of room energy efficiency indic.;False;;;;;;;
Lab'Flr_2'R_207'ROpUnItf;207;Lab'Flr_2'R_207'ROpUnItf;29;17;Room operator unit interface;;;;;;;;
Lab'Flr_2'R_207'RHvacCoo'RPscDet;207;Lab'Flr_2'R_207'RHvacCoo'RPscDet;5;6;Room presence detection;False;;;;;;;
Lab'Flr_2'R_207'RHvacCoo'RWndSta;207;Lab'Flr_2'R_207'RHvacCoo'RWndSta;5;7;Room window state;False;;;;;;;
Lab'Flr_2'R_207'RHvacCoo'RTemp;207;Lab'Flr_2'R_207'RHvacCoo'RTemp;2;51;Room temperature;0;;;;;;°C;
Lab'Flr_2'R_207'RHvacCoo'RAQual;207;Lab'Flr_2'R_207'RHvacCoo'RAQual;2;50;Room air quality;0;;;;;;ppm;
Lab'Flr_2'R_207'RHvacCoo'RAQualInd;207;Lab'Flr_2'R_207'RHvacCoo'RAQualInd;19;24;Room air quality indication;Undefined;;;;;;;
Lab'Flr_2'R_207'RHvacCoo'RHuRel;207;Lab'Flr_2'R_207'RHvacCoo'RHuRel;2;54;Relative humidity for room;0;;;;;;%RH;
Lab'Flr_2'R_207'RHvacCoo'TOa;207;Lab'Flr_2'R_207'RHvacCoo'TOa;2;52;Outside air temperature;0;;;;;;°C;
Lab'Flr_2'R_207'RHvacCoo'HuRelOa;207;Lab'Flr_2'R_207'RHvacCoo'HuRelOa;2;53;Relative outside humidity;0;;;;;;%RH;
Lab'Flr_2'R_207'RHvacCoo'PltModDtr'PltOpMod;207;Lab'Flr_2'R_207'RHvacCoo'PltModDtr'PltOpMod;19;23;Plant operating mode;Off;;;;;;;
Lab'Flr_2'R_207'RHvacCoo'PltModDtr'CoolDwnReq;207;Lab'Flr_2'R_207'RHvacCoo'PltModDtr'CoolDwnReq;5;4;Cool down request;False;;;;;;;
Lab'Flr_2'R_207'RHvacCoo'PltModDtr'WarmUpReq;207;Lab'Flr_2'R_207'RHvacCoo'PltModDtr'WarmUpReq;5;5;Warm-up request;False;;;;;;;
Lab'Flr_2'R_207'RHvacCoo'PltModDtr'NgtCReq;207;Lab'Flr_2'R_207'RHvacCoo'PltModDtr'NgtCReq;5;3;Night cooling request;False;;;;;;;
Lab'Flr_2'R_207'RHvacCoo'PltModDtr'NxROpMod;207;Lab'Flr_2'R_207'RHvacCoo'PltModDtr'NxROpMod;19;22;Next room operating mode;Protection;;;;;;;
Lab'Flr_2'R_207'RHvacCoo'PltModDtr'CenEmgHvac;207;Lab'Flr_2'R_207'RHvacCoo'PltModDtr'CenEmgHvac;256;5;Central emergency for HVAC;;;;;;;;
Lab'Flr_2'R_207'RHvacCoo'SpTRDtr'SpTR;207;Lab'Flr_2'R_207'RHvacCoo'SpTRDtr'SpTR;2;41;Room temperature setpoint;0;;;;;;°C;
Lab'Flr_2'R_207'RHvacCoo'SpTRDtr'SpTRShft;207;Lab'Flr_2'R_207'RHvacCoo'SpTRDtr'SpTRShft;2;42;Room temperature setpoint shift;0;;;;;;K;
Lab'Flr_2'R_207'RHvacCoo'SpTRDtr'CenSsnCmp;207;Lab'Flr_2'R_207'RHvacCoo'SpTRDtr'CenSsnCmp;256;3;Central seasonal compensation;;;;;;;;
Lab'Flr_2'R_207'RHvacCoo'TCtlC'PrSpC;207;Lab'Flr_2'R_207'RHvacCoo'TCtlC'PrSpC;2;16;Present cooling setpoint;0;;;;;;°C;
Lab'Flr_2'R_207'RHvacCoo'TCtlC'PrSpCCmf;207;Lab'Flr_2'R_207'RHvacCoo'TCtlC'PrSpCCmf;2;20;Present cooling setpoint for comfort;0;;;;;;°C;
Lab'Flr_2'R_207'RHvacCoo'TCtlC'PrSpCPcf;207;Lab'Flr_2'R_207'RHvacCoo'TCtlC'PrSpCPcf;2;19;Present cooling setpoint for pre-comfort;0;;;;;;°C;
Lab'Flr_2'R_207'RHvacCoo'TCtlC'PrSpCEco;207;Lab'Flr_2'R_207'RHvacCoo'TCtlC'PrSpCEco;2;21;Present cooling setpoint for economy;0;;;;;;°C;
Lab'Flr_2'R_207'RHvacCoo'TCtlC'PrSpCPrt;207;Lab'Flr_2'R_207'RHvacCoo'TCtlC'PrSpCPrt;2;22;Present cooling setpoint for protection;0;;;;;;°C;
Lab'Flr_2'R_207'RHvacCoo'TCtlH'PrSpH;207;Lab'Flr_2'R_207'RHvacCoo'TCtlH'PrSpH;2;38;Present heating setpoint;0;;;;;;°C;
Lab'Flr_2'R_207'RHvacCoo'TCtlH'PrSpHCmf;207;Lab'Flr_2'R_207'RHvacCoo'TCtlH'PrSpHCmf;2;36;Present heating setpoint for comfort;0;;;;;;°C;
Lab'Flr_2'R_207'RHvacCoo'TCtlH'PrSpHPcf;207;Lab'Flr_2'R_207'RHvacCoo'TCtlH'PrSpHPcf;2;37;Present heating setpoint for pre-comfort;0;;;;;;°C;
Lab'Flr_2'R_207'RHvacCoo'TCtlH'PrSpHEco;207;Lab'Flr_2'R_207'RHvacCoo'TCtlH'PrSpHEco;2;39;Present heating setpoint for economy;0;;;;;;°C;
Lab'Flr_2'R_207'RHvacCoo'TCtlH'PrSpHPrt;207;Lab'Flr_2'R_207'RHvacCoo'TCtlH'PrSpHPrt;2;40;Present heating setpoint for protection;0;;;;;;°C;
Lab'Flr_2'R_207'RHvacCoo'HCStaDtr'HCSta;207;Lab'Flr_2'R_207'RHvacCoo'HCStaDtr'HCSta;19;21;Heating/cooling state;Neither;;;;;;;
Lab'Flr_2'R_207'RHvacCoo'GrnLf'RHvacEei;207;Lab'Flr_2'R_207'RHvacCoo'GrnLf'RHvacEei;19;20;Room energy efficiency indication HVAC;Undefined;;;;;;;
Lab'Flr_2'R_207'RHvacCoo'CenWthStn;207;Lab'Flr_2'R_207'RHvacCoo'CenWthStn;256;4;Central weather station;;;;;;;;
Lab'Flr_2'R_207'RMnFtr;207;Lab'Flr_2'R_207'RMnFtr;29;306;Room main feature;;;;;;;;
Lab'Flr_2'R_207'FvrRSmy;207;Lab'Flr_2'R_207'FvrRSmy;29;307;Favorite room summary;;;;;;;;
Lab'Flr_2'R_207'FvrSpTR;207;Lab'Flr_2'R_207'FvrSpTR;29;308;Favorite room temp.setpoints & room temp;;;;;;;;
Lab'Flr_2'S_207'RSegmSta;207;Lab'Flr_2'S_207'RSegmSta;19;9;Room segment state;Normal;;;;;;;
Lab'Flr_2'S_207'RSegmStaMon;207;Lab'Flr_2'S_207'RSegmStaMon;9;4;Room segment monitoring state;;;;;;;;
Lab'Flr_2'S_207'HVAC;207;Lab'Flr_2'S_207'HVAC;29;77;HVAC;;;;;;;;
Lab'Flr_2'S_207'HVAC'Rcg'RcgVlvPosCCol;207;Lab'Flr_2'S_207'HVAC'Rcg'RcgVlvPosCCol;29;559;Collect.of radiant ceiling vlv.pos.cool.;;;;;;;;
Lab'Flr_2'S_207'HVAC'Rcg'RcgVlvPosCVal;207;Lab'Flr_2'S_207'HVAC'Rcg'RcgVlvPosCVal;2;548;Radiant ceiling valve pos.val.for cool.;0;;;;;;%;
Lab'Flr_2'S_207'HVAC'Rcg'CdnMonCol;207;Lab'Flr_2'S_207'HVAC'Rcg'CdnMonCol;29;122;Collection of condensation monitor;;;;;;;;
Lab'Flr_2'S_207'HVAC'Rcg'CdnMonCol'CdnMonRs;207;Lab'Flr_2'S_207'HVAC'Rcg'CdnMonCol'CdnMonRs;5;67;Result of condensation monitor;False;;;;;;;
Lab'Flr_2'S_207'HVAC'Rcg'RcgDevMod;207;Lab'Flr_2'S_207'HVAC'Rcg'RcgDevMod;19;87;Radiant ceiling device mode;Off;;;;;;;
Lab'Flr_2'S_207'HVAC'Rcg'RcgCReq;207;Lab'Flr_2'S_207'HVAC'Rcg'RcgCReq;2;258;Radiant ceiling cooling request;0;;;;;;%;
Lab'Flr_2'S_207'HVAC'Rcg'RcgAvlC;207;Lab'Flr_2'S_207'HVAC'Rcg'RcgAvlC;5;66;Radiant ceiling available for cooling;False;;;;;;;
Lab'Flr_2'S_207'HVAC'Rcg'RcgChwDmd;207;Lab'Flr_2'S_207'HVAC'Rcg'RcgChwDmd;19;86;Radiant ceiling chilled water demand;Off;;;;;;;
Lab'Flr_2'S_207'HVAC'Rcg'RcgSplyChw;207;Lab'Flr_2'S_207'HVAC'Rcg'RcgSplyChw;256;22;Radiant clng.sply.chain for chilled w.;;;;;;;;
Lab'Flr_2'S_207'HVAC'Rad'RadVlvPosCol;207;Lab'Flr_2'S_207'HVAC'Rad'RadVlvPosCol;29;88;Collection of radiator valve position;;;;;;;;
Lab'Flr_2'S_207'HVAC'Rad'RadVlvPosVal;207;Lab'Flr_2'S_207'HVAC'Rad'RadVlvPosVal;2;66;Radiator valve position value;0;;;;;;%;
Lab'Flr_2'S_207'HVAC'Rad'RadDevMod;207;Lab'Flr_2'S_207'HVAC'Rad'RadDevMod;19;35;Radiator device mode;Off;;;;;;;
Lab'Flr_2'S_207'HVAC'Rad'RadHReq;207;Lab'Flr_2'S_207'HVAC'Rad'RadHReq;2;67;Radiator heating request;0;;;;;;%;
Lab'Flr_2'S_207'HVAC'Rad'RadAvlH;207;Lab'Flr_2'S_207'HVAC'Rad'RadAvlH;5;14;Radiator available for heating;False;;;;;;;
Lab'Flr_2'S_207'HVAC'Rad'RadDndftVal;207;Lab'Flr_2'S_207'HVAC'Rad'RadDndftVal;2;65;Radiator downdraft value;0;;;;;;%;
Lab'Flr_2'S_207'HVAC'Rad'RadHwDmd;207;Lab'Flr_2'S_207'HVAC'Rad'RadHwDmd;19;34;Radiator hot water demand;Off;;;;;;;
Lab'Flr_2'S_207'HVAC'Rad'RadSplyHw;207;Lab'Flr_2'S_207'HVAC'Rad'RadSplyHw;256;6;Radiator supply chain for hot water;;;;;;;;
Lab'Flr_2'S_207'HVAC'PltOpMod;207;Lab'Flr_2'S_207'HVAC'PltOpMod;19;30;Plant operating mode;Off;;;;;;;
Lab'Flr_2'S_207'HVAC'TREff;207;Lab'Flr_2'S_207'HVAC'TREff;2;55;Effective room temperature;0;;;;;;°C;
Lab'Flr_2'S_207'HVAC'TOa;207;Lab'Flr_2'S_207'HVAC'TOa;2;56;Outside air temperature;0;;;;;;°C;
Lab'Flr_2'S_207'HVAC'HCDmd;207;Lab'Flr_2'S_207'HVAC'HCDmd;19;31;Heating/cooling demand;Neither;;;;;;;
Lab'Flr_2'S_207'HVAC'ReHclPos;207;Lab'Flr_2'S_207'HVAC'ReHclPos;2;57;Reheating coil position;0;;;;;;%;
Lab'Flr_2'S_207'RSegmMnFtr;207;Lab'Flr_2'S_207'RSegmMnFtr;29;309;Room segment main feature;;;;;;;;
Lab'Flr_2'S_207'FvrRSegmCtl;207;Lab'Flr_2'S_207'FvrRSegmCtl;29;310;Favorite room segment control;;;;;;;;
Lab'Flr_2'S_207'FvrVavBox;207;Lab'Flr_2'S_207'FvrVavBox;29;311;Favorite VAV box values;;;;;;;;
Lab'Flr_2'S_207'FvrBalView;207;Lab'Flr_2'S_207'FvrBalView;29;312;Favorite balancing view;;;;;;;;
Lab'Flr_2'S_207'FvrSpAirFl;207;Lab'Flr_2'S_207'FvrSpAirFl;29;313;Favorite air volume flow setpoints;;;;;;;;
Infra'App Conf;206;Infra'App Conf;263;0;~;;;;Idle;;;;
Lab'Flr_2'S_1;206;Lab'Flr_2'S_1;29;16;Room segment 1;;;;;;;;
Lab'Flr_2'S_1'RCtl;206;Lab'Flr_2'S_1'RCtl;256;0;Room control;;;;;;;;
Lab'Flr_2'S_1'ROpUnCtl;206;Lab'Flr_2'S_1'ROpUnCtl;256;1;Room operator unit control;;;;;;;;
Lab'Flr_2'R_206;206;Lab'Flr_2'R_206;29;15;Room 206;;;;;;;;
Lab'Flr_2'R_206'RCtl;206;Lab'Flr_2'R_206'RCtl;257;0;Room control;;;;;;;;
Lab'Flr_2'R_206'ROpUnItf'ROpUnCtl;206;Lab'Flr_2'R_206'ROpUnItf'ROpUnCtl;257;1;Room operator unit control;;;;;;;;
RoomCtrl206;206;RoomCtrl206;8;206;Room Control;;;;;;;;
Lab'Flr_2'R_206'RHvacCoo'TCtlC'CclTRCtrC;206;Lab'Flr_2'R_206'RHvacCoo'TCtlC'CclTRCtrC;12;5;Room temp.ctr.cooling for cooling coil;0;;;;;;;
Lab'Flr_2'R_206'RHvacCoo'TCtlC'RcgTRCtrC;206;Lab'Flr_2'R_206'RHvacCoo'TCtlC'RcgTRCtrC;12;3;Room temp.ctr.cool.for radiant ceiling;0;;;;;;;
Lab'Flr_2'R_206'RHvacCoo'TCtlH'HclTRCtrH;206;Lab'Flr_2'R_206'RHvacCoo'TCtlH'HclTRCtrH;12;14;Room temp.ctr.heating for heating coil;0;;;;;;;
Lab'Flr_2'R_206'RHvacCoo'TCtlH'RcgTRCtrH;206;Lab'Flr_2'R_206'RHvacCoo'TCtlH'RcgTRCtrH;12;13;Room temp.ctr.heat.for radiant ceiling;0;;;;;;;
Lab'Flr_2'R_206'RHvacCoo'TCtlH'RadTRCtrH;206;Lab'Flr_2'R_206'RHvacCoo'TCtlH'RadTRCtrH;12;12;Room temp.controller heat.for radiator;0;;;;;;;
Lab'Flr_2'S_1'ROpUnDev(1)'ROpUn(1);206;Lab'Flr_2'S_1'ROpUnDev(1)'ROpUn(1);19;371;Room operator unit 1;Operational;;;;;;;
OnbMdl3UIFcu'OnbMdl;206;OnbMdl3UIFcu'OnbMdl;19;344;On-board module;Operational;;;;;;;
OnbMdl3BO'OnbMdl;206;OnbMdl3BO'OnbMdl;19;345;On-board module;Operational;;;;;;;
OnbMdl3AO'OnbMdl;206;OnbMdl3AO'OnbMdl;19;346;On-board module;Operational;;;;;;;
Lab'Flr_2'S_1'ROpUnDev(1)'FanSpdRu;206;Lab'Flr_2'S_1'ROpUnDev(1)'FanSpdRu;2;291;Fan speed for room operator unit;0;;;;;;%;
Lab'Flr_2'R_206'RGrnLf'RLgtEei;206;Lab'Flr_2'R_206'RGrnLf'RLgtEei;19;24;Room energy efficiency ind.lighting;Undefined;;;;;;;
Lab'Flr_2'R_206'RGrnLf'RShdEei;206;Lab'Flr_2'R_206'RGrnLf'RShdEei;19;25;Room energy efficiency ind.shading;Undefined;;;;;;;
Lab'Flr_2'R_206'RHvacCoo'RPscDet;206;Lab'Flr_2'R_206'RHvacCoo'RPscDet;5;6;Room presence detection;False;;;;;;;
Lab'Flr_2'R_206'RHvacCoo'RWndSta;206;Lab'Flr_2'R_206'RHvacCoo'RWndSta;5;7;Room window state;False;;;;;;;
Lab'Flr_2'R_206'RHvacCoo'RAQual;206;Lab'Flr_2'R_206'RHvacCoo'RAQual;2;54;Room air quality;0;;;;;;ppm;
Lab'Flr_2'R_206'RHvacCoo'RAQualInd;206;Lab'Flr_2'R_206'RHvacCoo'RAQualInd;19;34;Room air quality indication;Undefined;;;;;;;
Lab'Flr_2'R_206'RHvacCoo'RHuRel;206;Lab'Flr_2'R_206'RHvacCoo'RHuRel;2;58;Relative humidity for room;0;;;;;;%RH;
Lab'Flr_2'R_206'RHvacCoo'FanOp'SpFan1Spd;206;Lab'Flr_2'R_206'RHvacCoo'FanOp'SpFan1Spd;5;2;Setpoint for single-speed fan;False;;;;;;;
Lab'Flr_2'R_206'RHvacCoo'FanOp'SpFan2Spd;206;Lab'Flr_2'R_206'RHvacCoo'FanOp'SpFan2Spd;19;28;Setpoint for two-speed fan;Off;;;;;;;
Lab'Flr_2'R_206'RHvacCoo'FanOp'SpFan3Spd;206;Lab'Flr_2'R_206'RHvacCoo'FanOp'SpFan3Spd;19;29;Setpoint for three-speed fan;Off;;;;;;;
Lab'Flr_2'R_206'RHvacCoo'FanOp'SpFanVarSpd;206;Lab'Flr_2'R_206'RHvacCoo'FanOp'SpFanVarSpd;2;43;Setpoint for variable speed fan;0;;;;;;%;
Lab'Flr_2'R_206'RHvacCoo'SpTRDtr'SpTR;206;Lab'Flr_2'R_206'RHvacCoo'SpTRDtr'SpTR;2;41;Room temperature setpoint;0;;;;;;°C;
Lab'Flr_2'R_206'RHvacCoo'TCtlC'DmpOaTRCtrC;206;Lab'Flr_2'R_206'RHvacCoo'TCtlC'DmpOaTRCtrC;12;6;Room temp.ctr.cooling for outs.air damp.;0;;;;;;;
Lab'Flr_2'S_1'HVAC'HCcl'HCclChovrCnd;206;Lab'Flr_2'S_1'HVAC'HCcl'HCclChovrCnd;19;95;Heating/cooling coil changeover cond.;Neither;;;;;;;
Lab'Flr_2'R_206'ROpModDtr'CenOpMod;206;Lab'Flr_2'R_206'ROpModDtr'CenOpMod;256;2;Central operating mode;;;;;;;;
Lab'Flr_2'R_206'RHvacCoo'CenWthStn;206;Lab'Flr_2'R_206'RHvacCoo'CenWthStn;256;4;Central weather station;;;;;;;;
Lab'Flr_2'S_1'HVAC'HCcl'HCclSplyChw;206;Lab'Flr_2'S_1'HVAC'HCcl'HCclSplyChw;256;28;Heat/cool.coil sply.chain for chilled w.;;;;;;;;
Lab'Flr_2'S_1'HVAC'HCcl'HCclSplyHw;206;Lab'Flr_2'S_1'HVAC'HCcl'HCclSplyHw;256;27;Heat./cool.coil supply chain for hot w.;;;;;;;;
Lab'Flr_2'S_1'HVAC;206;Lab'Flr_2'S_1'HVAC;29;85;HVAC;;;;;;;;
Lab'Flr_2'S_1'HVAC'Fan;206;Lab'Flr_2'S_1'HVAC'Fan;29;106;Fan;;;;;;;;
Lab'Flr_2'S_1'HVAC'Fan'FanSpdDhu;206;Lab'Flr_2'S_1'HVAC'Fan'FanSpdDhu;19;54;Fan speed for dehumidification;Off;;;;;;;
Lab'Flr_2'S_1'HVAC'HCcl;206;Lab'Flr_2'S_1'HVAC'HCcl;29;146;Heating/cooling coil;;;;;;;;
Lab'Flr_2'R_206'ROpModDtr;206;Lab'Flr_2'R_206'ROpModDtr;29;18;Room operating mode determination;;;;;;;;
Lab'Flr_2'R_206'RGrnLf;206;Lab'Flr_2'R_206'RGrnLf;29;21;Room green leaf;;;;;;;;
Lab'Flr_2'R_206'RHvacCoo;206;Lab'Flr_2'R_206'RHvacCoo;29;27;Room HVAC coordination;;;;;;;;
Lab'Flr_2'R_206'RHvacCoo'PltModDtr;206;Lab'Flr_2'R_206'RHvacCoo'PltModDtr;29;62;Plant operating mode determination;;;;;;;;
Lab'Flr_2'R_206'RHvacCoo'FanOp;206;Lab'Flr_2'R_206'RHvacCoo'FanOp;29;47;Fan operation;;;;;;;;
Lab'Flr_2'R_206'RHvacCoo'SpTRDtr;206;Lab'Flr_2'R_206'RHvacCoo'SpTRDtr;29;41;Room temperature setpoint determination;;;;;;;;
Lab'Flr_2'R_206'RHvacCoo'TCtlC;206;Lab'Flr_2'R_206'RHvacCoo'TCtlC;29;31;Temperature control for cooling;;;;;;;;
Lab'Flr_2'R_206'RHvacCoo'TCtlC'FanTRCtrC;206;Lab'Flr_2'R_206'RHvacCoo'TCtlC'FanTRCtrC;12;7;Room temp.controller cooling for fan;0;;;;;;;
Lab'Flr_2'R_206'RHvacCoo'TCtlC'HCclTRCtrC;206;Lab'Flr_2'R_206'RHvacCoo'TCtlC'HCclTRCtrC;12;4;Room temp.ctr.cool.for heating/cool.coil;0;;;;;;;
Lab'Flr_2'R_206'RHvacCoo'TCtlC'SpCCmf;206;Lab'Flr_2'R_206'RHvacCoo'TCtlC'SpCCmf;2;14;Cooling setpoint for comfort;0;;;;;;°C;
Lab'Flr_2'R_206'RHvacCoo'TCtlC'DSpCPcf;206;Lab'Flr_2'R_206'RHvacCoo'TCtlC'DSpCPcf;2;17;Delta cooling setpoint for pre-comfort;2;;;;;;K;
Lab'Flr_2'R_206'RHvacCoo'TCtlC'SpCEco;206;Lab'Flr_2'R_206'RHvacCoo'TCtlC'SpCEco;2;16;Cooling setpoint for economy;35;;;;;;°C;
Lab'Flr_2'R_206'RHvacCoo'TCtlC'SpCPrt;206;Lab'Flr_2'R_206'RHvacCoo'TCtlC'SpCPrt;2;15;Cooling setpoint for protection;40;;;;;;°C;
Lab'Flr_2'R_206'RHvacCoo'TCtlH;206;Lab'Flr_2'R_206'RHvacCoo'TCtlH;29;37;Temperature control for heating;;;;;;;;
Lab'Flr_2'R_206'RHvacCoo'TCtlH'FanTRCtrH;206;Lab'Flr_2'R_206'RHvacCoo'TCtlH'FanTRCtrH;12;15;Room temp.controller heating for fan;0;;;;;;;
Lab'Flr_2'R_206'RHvacCoo'TCtlH'HCclTRCtrH;206;Lab'Flr_2'R_206'RHvacCoo'TCtlH'HCclTRCtrH;12;16;Room temp.ctr.heat.for heating/cool.coil;0;;;;;;;
Lab'Flr_2'R_206'RHvacCoo'TCtlH'SpHCmf;206;Lab'Flr_2'R_206'RHvacCoo'TCtlH'SpHCmf;2;32;Heating setpoint for comfort;0;;;;;;°C;
Lab'Flr_2'R_206'RHvacCoo'TCtlH'DSpHPcf;206;Lab'Flr_2'R_206'RHvacCoo'TCtlH'DSpHPcf;2;35;Delta heating setpoint for pre-comfort;2;;;;;;K;
Lab'Flr_2'R_206'RHvacCoo'TCtlH'SpHEco;206;Lab'Flr_2'R_206'RHvacCoo'TCtlH'SpHEco;2;34;Heating setpoint for economy;15;;;;;;°C;
Lab'Flr_2'R_206'RHvacCoo'TCtlH'SpHPrt;206;Lab'Flr_2'R_206'RHvacCoo'TCtlH'SpHPrt;2;33;Heating setpoint for protection;12;;;;;;°C;
Lab'Flr_2'R_206'RHvacCoo'HCStaDtr;206;Lab'Flr_2'R_206'RHvacCoo'HCStaDtr;29;56;Heating/cooling state determination;;;;;;;;
Lab'Flr_2'R_206'RHvacCoo'GrnLf;206;Lab'Flr_2'R_206'RHvacCoo'GrnLf;29;50;Green leaf;;;;;;;;
Lab'Flr_2'S_1'ROpUnDev(1)'LgtBtn(1);206;Lab'Flr_2'S_1'ROpUnDev(1)'LgtBtn(1);262;15;Lighting pushbutton 1;System.Collections.Generic.List`1[Siemens.BASys.CommonModel.BA.ICollectionElementValue];;;;;;;
Lab'Flr_2'S_1'ROpUnDev(1)'LgtBtn(2);206;Lab'Flr_2'S_1'ROpUnDev(1)'LgtBtn(2);262;14;Lighting pushbutton 2;System.Collections.Generic.List`1[Siemens.BASys.CommonModel.BA.ICollectionElementValue];;;;;;;
Lab'Flr_2'S_1'ROpUnDev(1)'BlsBtn(1);206;Lab'Flr_2'S_1'ROpUnDev(1)'BlsBtn(1);259;4;Blinds pushbutton 1;System.Collections.Generic.List`1[Siemens.BASys.CommonModel.BA.ICollectionElementValue];;;;;;;
Lab'Flr_2'S_1'ROpUnDev(1)'BlsBtn(2);206;Lab'Flr_2'S_1'ROpUnDev(1)'BlsBtn(2);259;5;Blinds pushbutton 2;System.Collections.Generic.List`1[Siemens.BASys.CommonModel.BA.ICollectionElementValue];;;;;;;
Lab'Flr_2'S_1'FanMultiSpd;206;Lab'Flr_2'S_1'FanMultiSpd;14;3;Fan speed;Off;;;;;;;
Lab'Flr_2'S_1'HCclVlvPos;206;Lab'Flr_2'S_1'HCclVlvPos;1;5;Heating/cooling coil valve position;0;0;100;;;;%;
Lab'Flr_2'S_1'RSegmSta;206;Lab'Flr_2'S_1'RSegmSta;19;17;Room segment state;Normal;;;;;;;
Lab'Flr_2'S_1'RSegmStaMon;206;Lab'Flr_2'S_1'RSegmStaMon;9;4;Room segment monitoring state;;;;;;;;
Lab'Flr_2'S_1'HVAC'Fan'FanMultiSpdMan;206;Lab'Flr_2'S_1'HVAC'Fan'FanMultiSpdMan;19;348;Manual multi-speed fan;Off;;;;;;;
Lab'Flr_2'S_1'HVAC'Fan'FanDevMod;206;Lab'Flr_2'S_1'HVAC'Fan'FanDevMod;19;55;Fan device mode;Off;;;;;;;
Lab'Flr_2'S_1'HVAC'Fan'FanCReq;206;Lab'Flr_2'S_1'HVAC'Fan'FanCReq;2;115;Fan cooling request;0;;;;;;%;
Lab'Flr_2'S_1'HVAC'Fan'FanHReq;206;Lab'Flr_2'S_1'HVAC'Fan'FanHReq;2;117;Fan heating request;0;;;;;;%;
Lab'Flr_2'S_1'HVAC'Fan'FanVntReq;206;Lab'Flr_2'S_1'HVAC'Fan'FanVntReq;2;116;Fan ventilation request;0;;;;;;%;
Lab'Flr_2'S_1'HVAC'Fan'FanAvlC;206;Lab'Flr_2'S_1'HVAC'Fan'FanAvlC;5;30;Fan available for cooling;False;;;;;;;
Lab'Flr_2'S_1'HVAC'Fan'FanAvlH;206;Lab'Flr_2'S_1'HVAC'Fan'FanAvlH;5;29;Fan available for heating;False;;;;;;;
Lab'Flr_2'S_1'HVAC'Fan'FanAvlVnt;206;Lab'Flr_2'S_1'HVAC'Fan'FanAvlVnt;5;31;Fan available for ventilation;False;;;;;;;
Lab'Flr_2'S_1'HVAC'HCcl'HCclVlvPosC;206;Lab'Flr_2'S_1'HVAC'HCcl'HCclVlvPosC;2;175;Heating/cooling coil valve pos.for cool.;0;;;;;;%;
Lab'Flr_2'S_1'HVAC'HCcl'HCclVlvPosH;206;Lab'Flr_2'S_1'HVAC'HCcl'HCclVlvPosH;2;174;Heating/cooling coil valve pos.for heat.;0;;;;;;%;
Lab'Flr_2'S_1'HVAC'HCcl'HCclDevMod;206;Lab'Flr_2'S_1'HVAC'HCcl'HCclDevMod;19;97;Heating/cooling coil device mode;Off;;;;;;;
Lab'Flr_2'S_1'HVAC'HCcl'HCclCReq;206;Lab'Flr_2'S_1'HVAC'HCcl'HCclCReq;2;177;Heating/cooling coil cooling request;0;;;;;;%;
Lab'Flr_2'S_1'HVAC'HCcl'HCclHReq;206;Lab'Flr_2'S_1'HVAC'HCcl'HCclHReq;2;176;Heating/cooling coil heating request;0;;;;;;%;
Lab'Flr_2'S_1'HVAC'HCcl'HCclAvlC;206;Lab'Flr_2'S_1'HVAC'HCcl'HCclAvlC;5;66;Heating/cooling coil available for cool.;False;;;;;;;
Lab'Flr_2'S_1'HVAC'HCcl'HCclAvlH;206;Lab'Flr_2'S_1'HVAC'HCcl'HCclAvlH;5;65;Heating/cooling coil available for heat.;False;;;;;;;
Lab'Flr_2'S_1'HVAC'HCcl'HCclChwDmd;206;Lab'Flr_2'S_1'HVAC'HCcl'HCclChwDmd;19;94;Heating/cool.coil chilled water demand;Off;;;;;;;
Lab'Flr_2'S_1'HVAC'HCcl'HCclHwDmd;206;Lab'Flr_2'S_1'HVAC'HCcl'HCclHwDmd;19;96;Heating/cooling coil hot water demand;Off;;;;;;;
Lab'Flr_2'S_1'HVAC'PltOpMod;206;Lab'Flr_2'S_1'HVAC'PltOpMod;19;40;Plant operating mode;Off;;;;;;;
Lab'Flr_2'S_1'HVAC'TREff;206;Lab'Flr_2'S_1'HVAC'TREff;2;69;Effective room temperature;0;;;;;;°C;
Lab'Flr_2'S_1'HVAC'TOa;206;Lab'Flr_2'S_1'HVAC'TOa;2;70;Outside air temperature;0;;;;;;°C;
Lab'Flr_2'S_1'HVAC'HCDmd;206;Lab'Flr_2'S_1'HVAC'HCDmd;19;45;Heating/cooling demand;Neither;;;;;;;
Lab'Flr_2'S_1'RSegmMnFtr;206;Lab'Flr_2'S_1'RSegmMnFtr;29;313;Room segment main feature;;;;;;;;
Lab'Flr_2'R_206'RSta;206;Lab'Flr_2'R_206'RSta;19;16;Room state;Normal;;;;;;;
Lab'Flr_2'R_206'RStaMon;206;Lab'Flr_2'R_206'RStaMon;9;3;Room monitoring state;;;;;;;;
Lab'Flr_2'R_206'ROpModDtr'ROpMod;206;Lab'Flr_2'R_206'ROpModDtr'ROpMod;19;21;Room operating mode;Protection;;;;;;;
Lab'Flr_2'R_206'ROpModDtr'CmfBtn;206;Lab'Flr_2'R_206'ROpModDtr'CmfBtn;5;0;Comfort button;False;;;;;;;
Lab'Flr_2'R_206'ROpModDtr'ManOpCnd;206;Lab'Flr_2'R_206'ROpModDtr'ManOpCnd;19;22;Manual operation condition;Unlock;;;;;;;
Lab'Flr_2'R_206'ROpModDtr'CenCndTrg;206;Lab'Flr_2'R_206'ROpModDtr'CenCndTrg;19;20;Central condition trigger;None;;;;;;;
Lab'Flr_2'R_206'ROpModDtr'CmfCndTrg;206;Lab'Flr_2'R_206'ROpModDtr'CmfCndTrg;19;18;Comfort condition trigger;None;;;;;;;
Lab'Flr_2'R_206'ROpModDtr'EefCndTrg;206;Lab'Flr_2'R_206'ROpModDtr'EefCndTrg;19;19;Energy efficiency condition trigger;None;;;;;;;
Lab'Flr_2'R_206'RGrnLf'REei;206;Lab'Flr_2'R_206'RGrnLf'REei;19;23;Energy efficiency indication room;Undefined;;;;;;;
Lab'Flr_2'R_206'RGrnLf'REeiRst;206;Lab'Flr_2'R_206'RGrnLf'REeiRst;5;1;Reset of room energy efficiency indic.;False;;;;;;;
Lab'Flr_2'R_206'ROpUnItf;206;Lab'Flr_2'R_206'ROpUnItf;29;25;Room operator unit interface;;;;;;;;
Lab'Flr_2'R_206'RHvacCoo'RTemp;206;Lab'Flr_2'R_206'RHvacCoo'RTemp;2;55;Room temperature;0;;;;;;°C;
Lab'Flr_2'R_206'RHvacCoo'TOa;206;Lab'Flr_2'R_206'RHvacCoo'TOa;2;56;Outside air temperature;0;;;;;;°C;
Lab'Flr_2'R_206'RHvacCoo'HuRelOa;206;Lab'Flr_2'R_206'RHvacCoo'HuRelOa;2;57;Relative outside humidity;0;;;;;;%RH;
Lab'Flr_2'R_206'RHvacCoo'PltModDtr'PltOpMod;206;Lab'Flr_2'R_206'RHvacCoo'PltModDtr'PltOpMod;19;33;Plant operating mode;Off;;;;;;;
Lab'Flr_2'R_206'RHvacCoo'PltModDtr'CoolDwnReq;206;Lab'Flr_2'R_206'RHvacCoo'PltModDtr'CoolDwnReq;5;4;Cool down request;False;;;;;;;
Lab'Flr_2'R_206'RHvacCoo'PltModDtr'WarmUpReq;206;Lab'Flr_2'R_206'RHvacCoo'PltModDtr'WarmUpReq;5;5;Warm-up request;False;;;;;;;
Lab'Flr_2'R_206'RHvacCoo'PltModDtr'NgtCReq;206;Lab'Flr_2'R_206'RHvacCoo'PltModDtr'NgtCReq;5;3;Night cooling request;False;;;;;;;
Lab'Flr_2'R_206'RHvacCoo'PltModDtr'NxROpMod;206;Lab'Flr_2'R_206'RHvacCoo'PltModDtr'NxROpMod;19;32;Next room operating mode;Protection;;;;;;;
Lab'Flr_2'R_206'RHvacCoo'PltModDtr'CenEmgHvac;206;Lab'Flr_2'R_206'RHvacCoo'PltModDtr'CenEmgHvac;256;5;Central emergency for HVAC;;;;;;;;
Lab'Flr_2'R_206'RHvacCoo'SpTRDtr'SpTRShft;206;Lab'Flr_2'R_206'RHvacCoo'SpTRDtr'SpTRShft;2;42;Room temperature setpoint shift;0;;;;;;K;
Lab'Flr_2'R_206'RHvacCoo'SpTRDtr'CenSsnCmp;206;Lab'Flr_2'R_206'RHvacCoo'SpTRDtr'CenSsnCmp;256;3;Central seasonal compensation;;;;;;;;
Lab'Flr_2'R_206'RHvacCoo'TCtlC'PrSpC;206;Lab'Flr_2'R_206'RHvacCoo'TCtlC'PrSpC;2;20;Present cooling setpoint;0;;;;;;°C;
Lab'Flr_2'R_206'RHvacCoo'TCtlC'PrSpCCmf;206;Lab'Flr_2'R_206'RHvacCoo'TCtlC'PrSpCCmf;2;18;Present cooling setpoint for comfort;0;;;;;;°C;
Lab'Flr_2'R_206'RHvacCoo'TCtlC'PrSpCPcf;206;Lab'Flr_2'R_206'RHvacCoo'TCtlC'PrSpCPcf;2;19;Present cooling setpoint for pre-comfort;0;;;;;;°C;
Lab'Flr_2'R_206'RHvacCoo'TCtlC'PrSpCEco;206;Lab'Flr_2'R_206'RHvacCoo'TCtlC'PrSpCEco;2;21;Present cooling setpoint for economy;0;;;;;;°C;
Lab'Flr_2'R_206'RHvacCoo'TCtlC'PrSpCPrt;206;Lab'Flr_2'R_206'RHvacCoo'TCtlC'PrSpCPrt;2;22;Present cooling setpoint for protection;0;;;;;;°C;
Lab'Flr_2'R_206'RHvacCoo'TCtlH'PrSpH;206;Lab'Flr_2'R_206'RHvacCoo'TCtlH'PrSpH;2;38;Present heating setpoint;0;;;;;;°C;
Lab'Flr_2'R_206'RHvacCoo'TCtlH'PrSpHCmf;206;Lab'Flr_2'R_206'RHvacCoo'TCtlH'PrSpHCmf;2;36;Present heating setpoint for comfort;0;;;;;;°C;
Lab'Flr_2'R_206'RHvacCoo'TCtlH'PrSpHPcf;206;Lab'Flr_2'R_206'RHvacCoo'TCtlH'PrSpHPcf;2;37;Present heating setpoint for pre-comfort;0;;;;;;°C;
Lab'Flr_2'R_206'RHvacCoo'TCtlH'PrSpHEco;206;Lab'Flr_2'R_206'RHvacCoo'TCtlH'PrSpHEco;2;39;Present heating setpoint for economy;0;;;;;;°C;
Lab'Flr_2'R_206'RHvacCoo'TCtlH'PrSpHPrt;206;Lab'Flr_2'R_206'RHvacCoo'TCtlH'PrSpHPrt;2;40;Present heating setpoint for protection;0;;;;;;°C;
Lab'Flr_2'R_206'RHvacCoo'HCStaDtr'HCSta;206;Lab'Flr_2'R_206'RHvacCoo'HCStaDtr'HCSta;19;31;Heating/cooling state;Neither;;;;;;;
Lab'Flr_2'R_206'RHvacCoo'GrnLf'RHvacEei;206;Lab'Flr_2'R_206'RHvacCoo'GrnLf'RHvacEei;19;30;Room energy efficiency indication HVAC;Undefined;;;;;;;
Lab'Flr_2'R_206'RMnFtr;206;Lab'Flr_2'R_206'RMnFtr;29;312;Room main feature;;;;;;;;
PlnkBus;206;PlnkBus;29;3;KNX PL-Link bus;;;;;;;;
PlnkBus'PlnkBusMgmt;206;PlnkBus'PlnkBusMgmt;19;3;KNX PL-Link bus management;Operational;;;;;;;
PlnkBus'PlnkBusSta;206;PlnkBus'PlnkBusSta;19;4;KNX PL-Link bus state;Normal;;;;;;;
PlnkBus'PlnkBusStaMon;206;PlnkBus'PlnkBusStaMon;9;2;KNX PL-Link bus monitoring state;;;;;;;;
PlnkBus'DiagPlnkBus;206;PlnkBus'DiagPlnkBus;2;3;Diagnostics for KNX PL-Link bus;0;;;;;;---;
Lab'Flr_2'S_1'ROpUnDev(1);206;Lab'Flr_2'S_1'ROpUnDev(1);29;379;Room operator unit device 1;;;;;;;;
Lab'Flr_2'S_1'ROpUnDev(1)'LockOpRu;206;Lab'Flr_2'S_1'ROpUnDev(1)'LockOpRu;5;140;Lock operation for room operator unit;False;;;;;;;
Lab'Flr_2'S_1'ROpUnDev(1)'REeiRstIn;206;Lab'Flr_2'S_1'ROpUnDev(1)'REeiRstIn;5;141;Reset of room energy effic.indic.input;False;;;;;;;
Lab'Flr_2'S_1'ROpUnDev(1)'REeiRu;206;Lab'Flr_2'S_1'ROpUnDev(1)'REeiRu;19;182;Energy effic.indic.room for room op.unit;Undefined;;;;;;;
Lab'Flr_2'S_1'ROpUnDev(1)'TR;206;Lab'Flr_2'S_1'ROpUnDev(1)'TR;0;36;Room temperature;0;0;50;;;;°C;
Lab'Flr_2'S_1'ROpUnDev(1)'AQualRRu;206;Lab'Flr_2'S_1'ROpUnDev(1)'AQualRRu;2;288;Room air quality for room operator unit;0;;;;;;ppm;
Lab'Flr_2'S_1'ROpUnDev(1)'AQualRIndRu;206;Lab'Flr_2'S_1'ROpUnDev(1)'AQualRIndRu;19;181;Room air quality ind.for room op.unit;Undefined;;;;;;;
Lab'Flr_2'S_1'ROpUnDev(1)'HuRelRRu;206;Lab'Flr_2'S_1'ROpUnDev(1)'HuRelRRu;2;289;Relative humidity for room op.unit;0;;;;;;%;
Lab'Flr_2'S_1'ROpUnDev(1)'HCStaRu;206;Lab'Flr_2'S_1'ROpUnDev(1)'HCStaRu;19;184;Heating/cooling state for room op.unit;Neither;;;;;;;
Lab'Flr_2'S_1'ROpUnDev(1)'TRRu;206;Lab'Flr_2'S_1'ROpUnDev(1)'TRRu;2;292;Room temperature for room operator unit;0;;;;;;°C;
Lab'Flr_2'S_1'ROpUnDev(1)'WndContRu;206;Lab'Flr_2'S_1'ROpUnDev(1)'WndContRu;5;143;Window contact for room operator unit;False;;;;;;;
Lab'Flr_2'S_1'ROpUnDev(1)'RClmOpModRu;206;Lab'Flr_2'S_1'ROpUnDev(1)'RClmOpModRu;19;183;Room climate op.mode for room op.unit;Protection;;;;;;;
Lab'Flr_2'S_1'ROpUnDev(1)'PrSpRu;206;Lab'Flr_2'S_1'ROpUnDev(1)'PrSpRu;2;290;Present setpoint for room operator unit;0;;;;;;°C;
Lab'Flr_2'S_1'ROpUnDev(1)'TmpCmfRu;206;Lab'Flr_2'S_1'ROpUnDev(1)'TmpCmfRu;5;142;Temporary comfort for room operator unit;False;;;;;;;
Lab'Flr_2'S_1'ROpUnDev(1)'TOaRu;206;Lab'Flr_2'S_1'ROpUnDev(1)'TOaRu;2;286;Outside air temperature for room op.unit;0;;;;;;°C;
Lab'Flr_2'S_1'ROpUnDev(1)'SpShftIn;206;Lab'Flr_2'S_1'ROpUnDev(1)'SpShftIn;2;287;Setpoint shift input value;0;;;;;;K;
Lab'Flr_2'S_1'ROpUnDev(1)'TmpCmfIn;206;Lab'Flr_2'S_1'ROpUnDev(1)'TmpCmfIn;5;137;Temporary comfort input value;False;;;;;;;
Lab'Flr_2'S_1'ROpUnDev(1)'RClmOpModIn;206;Lab'Flr_2'S_1'ROpUnDev(1)'RClmOpModIn;19;179;Room climate operating mode input value;Auto;;;;;;;
Lab'Flr_2'S_1'ROpUnDev(1)'PrSpShftRu;206;Lab'Flr_2'S_1'ROpUnDev(1)'PrSpShftRu;2;284;Pres.setp.shift for room operator unit;0;;;;;;K;
Lab'Flr_2'S_1'ROpUnDev(1)'FanSpdIn;206;Lab'Flr_2'S_1'ROpUnDev(1)'FanSpdIn;2;285;Fan speed input value;0;;;;;;%;
Lab'Flr_2'S_1'ROpUnDev(1)'FanOpIn;206;Lab'Flr_2'S_1'ROpUnDev(1)'FanOpIn;5;136;Fan operation input value;False;;;;;;;
Lab'Flr_2'S_1'ROpUnDev(1)'PscBtnIn;206;Lab'Flr_2'S_1'ROpUnDev(1)'PscBtnIn;5;138;Presence button input value;False;;;;;;;
Lab'Flr_2'S_1'ROpUnDev(1)'PscBtnRu;206;Lab'Flr_2'S_1'ROpUnDev(1)'PscBtnRu;5;139;Presence button for room operator unit;False;;;;;;;
IOBus;206;IOBus;29;2;I/O bus;;;;;;;;
IOBus'IOBusMgmt;206;IOBus'IOBusMgmt;19;1;I/O bus management;Operational;;;;;;;
IOBus'IOBusSta;206;IOBus'IOBusSta;19;2;I/O bus state;Normal;;;;;;;
IOBus'IOBusStaMon;206;IOBus'IOBusStaMon;9;1;I/O bus monitoring state;;;;;;;;
IOBus'DiagIOBus;206;IOBus'DiagIOBus;2;2;Diagnostics for I/O bus;0;;;;;;---;
OnbMdl3UIFcu;206;OnbMdl3UIFcu;29;520;On-board module with 3 univ.inp.for FCU;;;;;;;;
OnbMdl3BO;206;OnbMdl3BO;29;521;On-board module with 3 binary outputs;;;;;;;;
OnbMdl3AO;206;OnbMdl3AO;29;522;On-board module with 3 analog outputs;;;;;;;;
Infra;206;Infra;29;1;Infrastructure;;;;;;;;
Infra'AsEvtEnr;206;Infra'AsEvtEnr;52;0;Automation station event enrollment;4194303;;;;;;;
Infra'AsSta;206;Infra'AsSta;19;0;Automation station state;Normal;;;;;;;
Infra'AsStaMon;206;Infra'AsStaMon;9;0;Automation station monitoring state;;;;;;;;
Infra'AsEvtLog;206;Infra'AsEvtLog;25;0;Automation station event logging;;;;;;;;
Infra'PgmS7;206;Infra'PgmS7;16;0;S7 program;;;;;;;;
Infra'Nwk Port IP;206;Infra'Nwk Port IP;264;2;~;;;;Idle;;;;
Infra'DiagAs;206;Infra'DiagAs;2;0;Diagnostics for automation station;0;;;;;;---;
Infra'DiagS7;206;Infra'DiagS7;2;1;Diagnostics for S7 program;0;;;;;;---;
Infra'NotifCl1Extd;206;Infra'NotifCl1Extd;15;1;Highest priority notif.(acked., reset);;;;;;;;
Infra'NotifCl2Bsc;206;Infra'NotifCl2Bsc;15;2;Highest priority notif.(acknowledge);;;;;;;;
Infra'NotifCl3Smp;206;Infra'NotifCl3Smp;15;3;Highest priority notification;;;;;;;;
Infra'NotifCl4Extd;206;Infra'NotifCl4Extd;15;4;High priority notif.(acked., reset);;;;;;;;
Infra'NotifCl5Bsc;206;Infra'NotifCl5Bsc;15;5;High priority notification (acknowledge);;;;;;;;
Infra'NotifCl6Smp;206;Infra'NotifCl6Smp;15;6;High priority notification;;;;;;;;
Infra'NotifCl7Extd;206;Infra'NotifCl7Extd;15;7;Medium priority notif.(acked., reset);;;;;;;;
Infra'NotifCl8Bsc;206;Infra'NotifCl8Bsc;15;8;Medium priority notif.(acknowledge);;;;;;;;
Infra'NotifCl9Smp;206;Infra'NotifCl9Smp;15;9;Medium priority notification;;;;;;;;
Infra'NotifCl10Extd;206;Infra'NotifCl10Extd;15;10;Low priority notification (acked, reset);;;;;;;;
Infra'NotifCl11Bsc;206;Infra'NotifCl11Bsc;15;11;Low priority notification (acknowledge);;;;;;;;
Infra'NotifCl12Smp;206;Infra'NotifCl12Smp;15;12;Low priority notification;;;;;;;;
Infra'NotifCl13Extd;206;Infra'NotifCl13Extd;15;13;Lowest priority notif.(acked., reset);;;;;;;;
Infra'NotifCl14Bsc;206;Infra'NotifCl14Bsc;15;14;Lowest priority notif.(acknowledge);;;;;;;;
Infra'NotifCl15Smp;206;Infra'NotifCl15Smp;15;15;Lowest priority notification;;;;;;;;
Infra'NotifCl16Smp;206;Infra'NotifCl16Smp;15;16;None priority notification;;;;;;;;
Infra'NotifCl17Buf;206;Infra'NotifCl17Buf;15;17;Buffer ready notification;;;;;;;;
Infra'NotifCl18Dev;206;Infra'NotifCl18Dev;15;18;Device alert notification;;;;;;;;
Infra'AppNr;206;Infra'AppNr;2;4;~;0;;;;;;---;
AsView;206;AsView;29;0;Automation station view;;;;;;;;
AsView;204;AsView;29;0;Automation station view;;;;;;;;
Infra;204;Infra;29;1;Infrastructure;;;;;;;;
BASTUP;204;BASTUP;10;1;~;;;;;;;;
BAINFR;204;BAINFR;10;12;~;;;;;;;;
BAINFR-en;204;BAINFR-en;10;200;~;;;;;;;;
CenFnct206;204;CenFnct206;8;204;Automation station;;;;;;;;
Infra'AsEvtEnr;204;Infra'AsEvtEnr;52;0;Automation station event enrollment;0,4194303;;;;;;;
Infra'AsSta;204;Infra'AsSta;19;0;Automation station state;Normal;;;;;;;
Infra'AsStaMon;204;Infra'AsStaMon;9;0;Automation station monitoring state;;;;;;;;
Infra'AsEvtLog;204;Infra'AsEvtLog;25;0;Automation station event logging;;;;;;;;
Infra'PgmS7;204;Infra'PgmS7;16;0;S7 program;;;;;;;;
Infra'Nwk Port IP;204;Infra'Nwk Port IP;264;0;~;;;;;;;;
Infra'DiagAs;204;Infra'DiagAs;2;0;Diagnostics for automation station;0;;;;;;No_Units;
Infra'DiagS7;204;Infra'DiagS7;2;1;Diagnostics for S7 program;0;;;;;;No_Units;
Infra'NotifCl1Extd;204;Infra'NotifCl1Extd;15;1;Highest priority notif.(acked., reset);;;;;;;;
Infra'NotifCl2Bsc;204;Infra'NotifCl2Bsc;15;2;Highest priority notif.(acknowledge);;;;;;;;
Infra'NotifCl3Smp;204;Infra'NotifCl3Smp;15;3;Highest priority notification;;;;;;;;
Infra'NotifCl4Extd;204;Infra'NotifCl4Extd;15;4;High priority notif.(acked., reset);;;;;;;;
Infra'NotifCl5Bsc;204;Infra'NotifCl5Bsc;15;5;High priority notification (acknowledge);;;;;;;;
Infra'NotifCl6Smp;204;Infra'NotifCl6Smp;15;6;High priority notification;;;;;;;;
Infra'NotifCl7Extd;204;Infra'NotifCl7Extd;15;7;Medium priority notif.(acked., reset);;;;;;;;
Infra'NotifCl8Bsc;204;Infra'NotifCl8Bsc;15;8;Medium priority notif.(acknowledge);;;;;;;;
Infra'NotifCl9Smp;204;Infra'NotifCl9Smp;15;9;Medium priority notification;;;;;;;;
Infra'NotifCl10Extd;204;Infra'NotifCl10Extd;15;10;Low priority notification (acked, reset);;;;;;;;
Infra'NotifCl11Bsc;204;Infra'NotifCl11Bsc;15;11;Low priority notification (acknowledge);;;;;;;;
Infra'NotifCl12Smp;204;Infra'NotifCl12Smp;15;12;Low priority notification;;;;;;;;
Infra'NotifCl13Extd;204;Infra'NotifCl13Extd;15;13;Lowest priority notif.(acked., reset);;;;;;;;
Infra'NotifCl14Bsc;204;Infra'NotifCl14Bsc;15;14;Lowest priority notif.(acknowledge);;;;;;;;
Infra'NotifCl15Smp;204;Infra'NotifCl15Smp;15;15;Lowest priority notification;;;;;;;;
Infra'NotifCl16Smp;204;Infra'NotifCl16Smp;15;16;None priority notification;;;;;;;;
Infra'NotifCl17Buf;204;Infra'NotifCl17Buf;15;17;Buffer ready notification;;;;;;;;
Infra'NotifCl18Dev;204;Infra'NotifCl18Dev;15;18;Device alert notification;;;;;;;;
IOBus;204;IOBus;29;2;I/O bus;;;;;;;;
BATX;204;BATX;10;30;~;;;;;;;;
DATX;204;DATX;10;40;~;;;;;;;;
BATX-en;204;BATX-en;10;221;~;;;;;;;;
IOBus'IOBusMgmt;204;IOBus'IOBusMgmt;19;1;I/O bus management;Operational;;;;;;;
IOBus'IOBusSta;204;IOBus'IOBusSta;19;2;I/O bus state;Normal;;;;;;;
IOBus'IOBusStaMon;204;IOBus'IOBusStaMon;9;1;I/O bus monitoring state;;;;;;;;
IOBus'DiagIOBus;204;IOBus'DiagIOBus;2;2;Diagnostics for I/O bus;0;;;;;;No_Units;
PlnkBus;204;PlnkBus;29;3;KNX PL-Link bus;;;;;;;;
BAPL;204;BAPL;10;31;~;;;;;;;;
DAPL;204;DAPL;10;41;~;;;;;;;;
BAPL-en;204;BAPL-en;10;242;~;;;;;;;;
PlnkBus'PlnkBusMgmt;204;PlnkBus'PlnkBusMgmt;19;3;KNX PL-Link bus management;Operational;;;;;;;
PlnkBus'PlnkBusSta;204;PlnkBus'PlnkBusSta;19;4;KNX PL-Link bus state;Normal;;;;;;;
PlnkBus'PlnkBusStaMon;204;PlnkBus'PlnkBusStaMon;9;2;KNX PL-Link bus monitoring state;;;;;;;;
PlnkBus'DiagPlnkBus;204;PlnkBus'DiagPlnkBus;2;3;Diagnostics for KNX PL-Link bus;0;;;;;;No_Units;
OnbMdl6UI;204;OnbMdl6UI;29;4;On-board module with 6 universal inputs;;;;;;;;
OnbMdl6UI'OnbMdl;204;OnbMdl6UI'OnbMdl;19;5;On-board module;Operational;;;;;;;
OnbMdl8BO;204;OnbMdl8BO;29;5;On-board module with 8 binary outputs;;;;;;;;
OnbMdl8BO'OnbMdl;204;OnbMdl8BO'OnbMdl;19;6;On-board module;Operational;;;;;;;
OnbMdl4AO;204;OnbMdl4AO;29;6;On-board module with 4 analog outputs;;;;;;;;
OnbMdl4AO'OnbMdl;204;OnbMdl4AO'OnbMdl;19;7;On-board module;Operational;;;;;;;
AccessCtrl;204;AccessCtrl;10;54;~;;;;;;;;
AbtErInfo.xml;204;AbtErInfo.xml;10;70;~;;;;;;;;
CnfExtnFW.xml.gz;204;CnfExtnFW.xml.gz;10;10;~;;;;;;;;
BA_MetaData_v02.02_BA_S1-Room-Ctl_0_CnfExtn.sql.gz;204;BA_MetaData_v02.02_BA_S1-Room-Ctl_0_CnfExtn.sql.gz;10;18;~;;;;;;;;
WS_Text-en.sql.gz;204;WS_Text-en.sql.gz;10;266;~;;;;;;;;
CenLab'CenFnct206;204;CenLab'CenFnct206;29;7;Central function;;;;;;;;
BA_29,7-en;204;BA_29,7-en;10;284;~;;;;;;;;
CenLab'CenFnct206'CenFnctSta;204;CenLab'CenFnct206'CenFnctSta;19;8;Central function state;Normal;;;;;;;
CenLab'CenFnct206'CenFnctStaMon;204;CenLab'CenFnct206'CenFnctStaMon;9;3;Central function monitoring state;;;;;;;;
BA_29,7;204;BA_29,7;10;285;~;;;;;;;;
CenLab'CenFnct206'CenOpMod;204;CenLab'CenFnct206'CenOpMod;29;8;Central operating mode;;;;;;;;
CenLab'CenFnct206'CenOpMod'OpModDlyOn2;204;CenLab'CenFnct206'CenOpMod'OpModDlyOn2;29;11;Operating mode switch-on delay 2;;;;;;;;
CenLab'CenFnct206'CenOpMod'OpModDlyOn1;204;CenLab'CenFnct206'CenOpMod'OpModDlyOn1;29;14;Operating mode switch-on delay 1;;;;;;;;
CenLab'CenFnct206'CenOpMod'CenOpModMst;204;CenLab'CenFnct206'CenOpMod'CenOpModMst;257;2;Master for central operating mode;;;;;;;;
CenLab'CenFnct206'CenOpMod'OpModDlyOn3;204;CenLab'CenFnct206'CenOpMod'OpModDlyOn3;29;17;Operating mode switch-on delay 3;;;;;;;;
CenLab'CenFnct206'CenOpMod'CenCndTrg;204;CenLab'CenFnct206'CenOpMod'CenCndTrg;19;9;Central condition trigger;1;;;;;;;
CenLab'CenFnct206'CenOpMod'CenOpModCmdv;204;CenLab'CenFnct206'CenOpMod'CenOpModCmdv;19;10;Central operating mode command value;NULL;;;;;;;
CenLab'CenFnct206'CenOpMod'NgtCReq;204;CenLab'CenFnct206'CenOpMod'NgtCReq;5;0;Night cooling request;Inactive;;;;;;;
CenLab'CenFnct206'CenOpMod'ROpDstr;204;CenLab'CenFnct206'CenOpMod'ROpDstr;29;20;Room operation distribution;;;;;;;;
CenLab'CenFnct206'CenOpMod'Ossc;204;CenLab'CenFnct206'CenOpMod'Ossc;29;22;Optimum start stop control;;;;;;;;
CenLab'CenFnct206'CenOpMod'Ossc'RClmOpModIn;204;CenLab'CenFnct206'CenOpMod'Ossc'RClmOpModIn;19;14;Room climate operating mode input value;1;;;;;;;
CenLab'CenFnct206'CenOpMod'Ossc'WarmUp;204;CenLab'CenFnct206'CenOpMod'Ossc'WarmUp;5;1;Warm-up;Inactive;;;;;;;
CenLab'CenFnct206'CenOpMod'Ossc'CoolDwn;204;CenLab'CenFnct206'CenOpMod'Ossc'CoolDwn;5;2;Cool down;Inactive;;;;;;;
CenLab'CenFnct206'CenOpMod'Ossc'NxOpMod;204;CenLab'CenFnct206'CenOpMod'Ossc'NxOpMod;19;15;Next operating mode;1;;;;;;;
CenLab'CenFnct206'SplyChw;204;CenLab'CenFnct206'SplyChw;29;24;Supply chain for chilled water;;;;;;;;
CenLab'CenFnct206'SplyChw'ChwSpCorrTFlHi;204;CenLab'CenFnct206'SplyChw'ChwSpCorrTFlHi;2;5;Sply.chilled water setp.corr.f.higher FT;2;0;10;;;;Degrees_Kelvin;
CenLab'CenFnct206'SplyChw'ChwSpTFl;204;CenLab'CenFnct206'SplyChw'ChwSpTFl;2;6;Supply chain chilled w.flow temp.setp.;8;5;25;;;;Degrees_Celsius;
CenLab'CenFnct206'SplyChw'ChwSpCorrTFlLo;204;CenLab'CenFnct206'SplyChw'ChwSpCorrTFlLo;2;7;Sply.chilled water setp.corr.f.lower FT;-2;-10;0;;;;Degrees_Kelvin;
CenLab'CenFnct206'SplyChw'ChwVlvPosEvl;204;CenLab'CenFnct206'SplyChw'ChwVlvPosEvl;2;8;Sply.chain chilled water valve pos.eval.;0;0;100;;;;Percent;
CenLab'CenFnct206'SplyChw'SplyChwMst;204;CenLab'CenFnct206'SplyChw'SplyChwMst;257;4;Master for supply chain chilled water;;;;;;;;
CenLab'CenFnct206'SplyChw'SpCReq;204;CenLab'CenFnct206'SplyChw'SpCReq;2;10;Setpoint for cooling request;0;0;50;;;;Degrees_Celsius;
CenLab'CenFnct206'SplyChw'CReq;204;CenLab'CenFnct206'SplyChw'CReq;19;16;Cooling request;1;;;;;;;
CenLab'CenFnct206'SplyChw'CdnPrev;204;CenLab'CenFnct206'SplyChw'CdnPrev;29;27;Condensation prevention;;;;;;;;
CenLab'CenFnct206'SplyChw'FreeC;204;CenLab'CenFnct206'SplyChw'FreeC;29;30;Free cooling;;;;;;;;
CenLab'CenFnct206'SplyChw'Chovr2Pipe;204;CenLab'CenFnct206'SplyChw'Chovr2Pipe;29;33;Changeover function for 2-pipe;;;;;;;;
CenLab'CenFnct206'SplyHw;204;CenLab'CenFnct206'SplyHw;29;34;Supply chain for hot water;;;;;;;;
CenLab'CenFnct206'SplyHw'HwTOaHi;204;CenLab'CenFnct206'SplyHw'HwTOaHi;2;17;Supply chain hot water outside temp.high;5;0;10;;;;Degrees_Kelvin;
CenLab'CenFnct206'SplyHw'HwSpTFlHi;204;CenLab'CenFnct206'SplyHw'HwSpTFlHi;2;18;Hot w.flow temp.setp.for high outs.temp.;25;10;95;;;;Degrees_Celsius;
CenLab'CenFnct206'SplyHw'HwSpCorrTFlHi;204;CenLab'CenFnct206'SplyHw'HwSpCorrTFlHi;2;19;Sply.hot w.setp.corr.f.higher flow temp.;15;-30;30;;;;Degrees_Celsius;
HwTOa;204;HwTOa;2;20;Supply chain hot water outside temp.;5;-70;70;;;;Degrees_Celsius;
CenLab'CenFnct206'SplyHw'HwSpCorrTFlLo;204;CenLab'CenFnct206'SplyHw'HwSpCorrTFlLo;2;21;Sply.hot w.setp.corr.f.lower flow temp.;-5;-10;0;;;;Degrees_Kelvin;
CenLab'CenFnct206'SplyHw'HReq;204;CenLab'CenFnct206'SplyHw'HReq;19;18;Heating request;1;;;;;;;
CenLab'CenFnct206'SplyHw'SpHReq;204;CenLab'CenFnct206'SplyHw'SpHReq;2;22;Setpoint for heating request;0;10;95;;;;Degrees_Celsius;
CenLab'CenFnct206'SplyHw'HwVlvPosEvl;204;CenLab'CenFnct206'SplyHw'HwVlvPosEvl;2;23;Supply chain hot water valve pos.eval.;0;0;100;;;;Percent;
CenLab'CenFnct206'SplyHw'HwTOaDsgn;204;CenLab'CenFnct206'SplyHw'HwTOaDsgn;2;24;Supply chain hot water design outs.temp.;-15;-30;30;;;;Degrees_Celsius;
CenLab'CenFnct206'SplyHw'HwSpTFlDsgn;204;CenLab'CenFnct206'SplyHw'HwSpTFlDsgn;2;25;Hot w.flow temp.setp.f.design outs.temp.;70;10;95;;;;Degrees_Celsius;
CenLab'CenFnct206'SplyHw'SplyHwMst;204;CenLab'CenFnct206'SplyHw'SplyHwMst;257;5;Master for supply chain hot water;;;;;;;;
S7PAPP.tar;204;S7PAPP.tar;10;2;~;;;;;;;;
CenLab'CenFnct206'CenWthStn;204;CenLab'CenFnct206'CenWthStn;29;35;Central weather station;;;;;;;;
CenLab'CenFnct206'CenWthStn'CenWthStnMst;204;CenLab'CenFnct206'CenWthStn'CenWthStnMst;257;6;Master for central weather station;;;;;;;;
CenLab'CenFnct206'TOa;204;CenLab'CenFnct206'TOa;0;0;Outside air temperature;14;-40;70;;;;Degrees_Celsius;
